Name,Neighborhood,Category,Address,GooglePlaceID,SourceTier,SourceName
"1200 Rosecrans Ave #101","Manhattan Beach","eat","",ChIJWxHnpvizwoAR3cVIiAUBFbk,1,"Bobby Google Saves"
"1200 Rosecrans Ave #101","","","",ChIJWxHnpvizwoAR3cVIiAUBFbk,2,"Instagram backfill - AI-assisted search approved by Bobby"
"12249 Venice Blvd.","Mar Vista","eat","",ChIJH1oLbVy6woARmKoEisoy-ao,1,"Bobby Google Saves"
"1642","","","",ChIJtfpJdgbHwoARMPA3laMKsAI,2,"Instagram backfill - AI-assisted search approved by Bobby"
"1642","Westlake","Wine Bar","",ChIJtfpJdgbHwoARMPA3laMKsAI,1,"Bobby Google Saves"
"1850 Academy Rd","Elysian Park","eat","",EisxODUwIEFjYWRlbXkgUmQsIExvcyBBbmdlbGVzLCBDQSA5MDAxMiwgVVNBIjESLwoUChIJ7f2w2OTGwoARbQuZneCHIXcQug4qFAoSCSn2YFnlxsKAEflWfACFCVhC,1,"Bobby Google Saves"
"1850 Academy Rd","","","",EisxODUwIEFjYWRlbXkgUmQsIExvcyBBbmdlbGVzLCBDQSA5MDAxMiwgVVNBIjESLwoUChIJ7f2w2OTGwoARbQuZneCHIXcQug4qFAoSCSn2YFnlxsKAEflWfACFCVhC,2,"Instagram backfill - AI-assisted search approved by Bobby"
"2425 Daly St","Lincoln Heights","eat","",ChIJ3Uy9Zn3GwoAR1S0GNCqzN3Y,1,"Bobby Google Saves"
"2425 Daly St","","","",ChIJ3Uy9Zn3GwoAR1S0GNCqzN3Y,2,"Instagram backfill - AI-assisted search approved by Bobby"
"2633 E Cesar E Chavez Ave","","","",ChIJh_9_FP3FwoARxXM2voNmsxw,2,"Instagram backfill - AI-assisted search approved by Bobby"
"2633 E Cesar E Chavez Ave","Central LA","eat","",ChIJh_9_FP3FwoARxXM2voNmsxw,1,"Bobby Google Saves"
"3214 Glendale Blvd","Northeast Los Angeles","eat","",ChIJG0M8stvAwoARQ3pnsmVuaVs,1,"Bobby Google Saves"
"3214 Glendale Blvd","","","",ChIJG0M8stvAwoARQ3pnsmVuaVs,2,"Instagram backfill - AI-assisted search approved by Bobby"
"3250 W Olympic Blvd","Central LA","eat","",ChIJdW3Og4e4woAR5D8mKi4vyUs,1,"Bobby Google Saves"
"3250 W Olympic Blvd","","","",ChIJdW3Og4e4woAR5D8mKi4vyUs,2,"Instagram backfill - AI-assisted search approved by Bobby"
"5150 Hollywood Blvd","East Hollywood","eat","",ChIJO5-D_Fa_woAR9lhITdRE2bw,1,"Bobby Google Saves"
"5150 Hollywood Blvd","","","",ChIJO5-D_Fa_woAR9lhITdRE2bw,2,"Instagram backfill - AI-assisted search approved by Bobby"
"5200 Monte Vista St","","","",ChIJ16VZuxzEwoAR1kpz_PQx_vE,2,"Instagram backfill - AI-assisted search approved by Bobby"
"5200 Monte Vista St","Highland Park","eat","",ChIJ16VZuxzEwoAR1kpz_PQx_vE,1,"Bobby Google Saves"
"5th Street","Central LA","eat","",ChIJtXNObTrGwoARYcpIBbkUuvw,1,"Bobby Google Saves"
"715","Downtown Los Angeles","eat","",ChIJyweGFPLHwoAR2CIY63KgPqU,1,"Bobby Google Saves"
"715","","","",ChIJyweGFPLHwoAR2CIY63KgPqU,2,"Instagram backfill - AI-assisted search approved by Bobby"
"718 Highland Ave","Central LA","eat","",ChIJX81bPNO4woARJlGl91N_jRI,1,"Bobby Google Saves"
"718 Highland Ave","","","",ChIJX81bPNO4woARJlGl91N_jRI,2,"Instagram backfill - AI-assisted search approved by Bobby"
"88 pocha","Gardena","eat","",ChIJy_EHD461woARqGpoPsbyPsg,1,"Bobby Google Saves"
"888 Seafood Restaurant","Rosemead","eat","",ChIJVca3ayfbwoARvTN4LEHGTxs,1,"Bobby Google Saves"
"A&J seafood shack","Eastside","eat","",ChIJfc93S_sx3YARMFMzqKUVQ5s,1,"Bobby Google Saves"
"Abbot's Pizza Company","Venice","eat","",ChIJcaqDn7-6woARNn2eauKOKSc,1,"Bobby Google Saves"
"Ackee Bamboo Jamaican Cuisine","Beverlywood","eat","",ChIJO4T2nCe4woAR0BRcELOWHt8,1,"Bobby Google Saves"
"Agnes Restaurant & Cheesery","South Arroyo","eat","",ChIJHX5Is3zDwoAR-tMO5OyIYZY,1,"Bobby Google Saves"
"Al & Bea's Mexican Food","Central LA","eat","",ChIJmTx7eg_GwoARCLmjG4eA23A,1,"Bobby Google Saves"
"Al-Noor Indian Pakistani Halal","Lawndale","eat","",ChIJAQwReke0woARYAIAJsMoI-g,1,"Bobby Google Saves"
"Amour Weho","Central LA","eat","",ChIJz-CCE6-_woARvS6Uz_1UgyA,1,"Bobby Google Saves"
"Angry Egret Dinette","Central LA","eat","",ChIJ9z196HbHwoARPqdTjGQJ-4Y,1,"Bobby Google Saves"
"Annette Street","Mount Washington","eat","",ChIJ6ZgTV7fGwoARNdB3DYX-CYA,1,"Bobby Google Saves"
"As de Guia Gastrofonda","Zona Centro","eat","",ChIJ8-FrzdST2IAReOO3epZ7QKU,1,"Bobby Google Saves"
"Atlantic Seafood and Dim Sum","Monterey Park","eat","",ChIJQ8DLvEPFwoARd5wfbRi1UEg,1,"Bobby Google Saves"
"Au Fauna","Pasadena","eat","",ChIJHzYR2G7DwoARSjGzmwr9XUA,1,"Bobby Google Saves"
"Aunty Maile's Hawaiian Restaurant","Harbor","eat","",ChIJI-IfThnLwoAReCE-R9Y3Rdw,1,"Bobby Google Saves"
"Azay","Downtown Los Angeles","eat","",ChIJUYrvvHDHwoARB1japW6bsvo,1,"Bobby Google Saves"
"baby battista","Northeast Los Angeles","eat","",ChIJzwlguwjBwoARR62_slYIMl4,1,"Bobby Google Saves"
"Baja Cantina","Venice","eat","",ChIJBym2lKK6woARa6L3E6wYRaY,1,"Bobby Google Saves"
"Baja Subs Market & Deli","Northridge","purveyors","",ChIJoUefmK2bwoARMQzl_Y6VKfE,1,"Bobby Google Saves"
"Banadir Somali Restaurant","Inglewood","eat","",ChIJk069ofy2woARnugK5TYbZns,1,"Bobby Google Saves"
"Beckon","Five Points","eat","",ChIJQ_9Q0DJ5bIcRbDAIulshVuY,1,"Bobby Google Saves"
"Beckon","","","",ChIJQ_9Q0DJ5bIcRbDAIulshVuY,2,"Instagram backfill - AI-assisted search approved by Bobby"
"Beethoven Market","","","",ChIJlwU_uvC6woAR9hXvi7zlRSg,2,"Instagram backfill - AI-assisted search approved by Bobby"
"Beethoven Market","Mar Vista","purveyors","",ChIJlwU_uvC6woAR9hXvi7zlRSg,1,"Bobby Google Saves"
"Belizean Fish Market","South Los Angeles","purveyors","",ChIJ11w60nK4woARd0i6OLGVLWk,1,"Bobby Google Saves"
"Belizean Fish Market","","","",ChIJ11w60nK4woARd0i6OLGVLWk,2,"Instagram backfill - AI-assisted search approved by Bobby"
"Betsy","Altadena","eat","",ChIJyROYYDXDwoARx_7TxDXZi6Q,1,"Bobby Google Saves"
"Bicyclette","Pico-Robertson","eat","",ChIJu5Y0uG67woARvE5Nmmmtv_0,1,"Bobby Google Saves"
"BiergartenLA - Koreatown","Koreatown","nature","",ChIJTadY5KK4woARkfH2Cf-o6Kc,1,"Bobby Google Saves"
"Big Ma's Kitchen","","","",ChIJmbFNBQDRwoARSVBb1yuzaKo,2,"Instagram backfill - AI-assisted search approved by Bobby"
"Big Ma's Kitchen","Garvey","eat","",ChIJmbFNBQDRwoARSVBb1yuzaKo,1,"Bobby Google Saves"
"Billionaire Burger Boyz","Central LA","eat","",ChIJ7_zXz6zLwoARqPUCbSpnAq4,1,"Bobby Google Saves"
"Blossom Market Hall","San Gabriel","purveyors","",ChIJNYfgeWTbwoAR5w88nWidWdk,1,"Bobby Google Saves"
"Blossom Market Hall","","","",ChIJNYfgeWTbwoAR5w88nWidWdk,2,"Instagram backfill - AI-assisted search approved by Bobby"
"Bodega Los Alamos","","","",ChIJI3YloS8F7IARjmUOKtofEyw,2,"Instagram backfill - AI-assisted search approved by Bobby"
"Bodega Los Alamos","Los Alamos","eat","",ChIJI3YloS8F7IARjmUOKtofEyw,1,"Bobby Google Saves"
"Bon Temps","Downtown Los Angeles","eat","",ChIJi-MAKFjHwoARol5fmX26Xdo,1,"Bobby Google Saves"
"Bridgetown Roti","East Hollywood","eat","",ChIJne7Az-rHwoARQhCf1NoVpsY,1,"Bobby Google Saves"
"Broad Street Oyster Company","Downtown Los Angeles","eat","",ChIJA6M_-57HwoAR7WCXivxedIg,1,"Bobby Google Saves"
"Broken Spanish Comedor","Culver - West","eat","",ChIJT5qhfGq7woARIoAJkiUAYAI,1,"Bobby Google Saves"
"Broome St. General Store","Silver Lake","shop","",ChIJd_gMmc7AwoAR7nTNIiedNq8,1,"Bobby Google Saves"
"BRUTO","Ballpark District","eat","",ChIJabPzMvx5bIcRuR-TMXhM1xQ,1,"Bobby Google Saves"
"BRUTO","","","",ChIJabPzMvx5bIcRuR-TMXhM1xQ,2,"Instagram backfill - AI-assisted search approved by Bobby"
"Bunkado","","","",ChIJdXcI6UfGwoARraVwugjH_EA,2,"Instagram backfill - AI-assisted search approved by Bobby"
"Bunkado","Downtown Los Angeles","eat","",ChIJdXcI6UfGwoARraVwugjH_EA,1,"Bobby Google Saves"
"Burritos La Palma","El Monte","eat","",ChIJxztAvPDZwoARUKqI04RO2uE,1,"Bobby Google Saves"
"Burritos La Palma","","","",ChIJxztAvPDZwoARUKqI04RO2uE,2,"Instagram backfill - AI-assisted search approved by Bobby"
"BusterPro Tennis","","","",ChIJIRJIYl-7woARrGyWRtFkPMs,2,"Instagram backfill - AI-assisted search approved by Bobby"
"BusterPro Tennis","Brentwood","eat","",ChIJIRJIYl-7woARrGyWRtFkPMs,1,"Bobby Google Saves"
"Cafe Brasil","","","",ChIJiTO4Zmu6woARQlFhLHypBlk,2,"Instagram backfill - AI-assisted search approved by Bobby"
"Cafe Brasil","Culver - West","coffee","",ChIJiTO4Zmu6woARQlFhLHypBlk,1,"Bobby Google Saves"
"Caf√© Haleiwa","","","",ChIJ_cU8f8NfAHwRLvbpmTPs87s,2,"Instagram backfill - AI-assisted search approved by Bobby"
"Caf√© Haleiwa","North Shore","eat","",ChIJ_cU8f8NfAHwRLvbpmTPs87s,1,"Bobby Google Saves"
"CAF√â TRISTE","Central LA","eat","",ChIJ73hyWfbHwoAR3OQuokZzo2M,1,"Bobby Google Saves"
"CAF√â TRISTE","","","",ChIJ73hyWfbHwoAR3OQuokZzo2M,2,"Instagram backfill - AI-assisted search approved by Bobby"
"Camphor","","","",ChIJNW1lfmzHwoARxzp7unjgv-0,2,"Instagram backfill - AI-assisted search approved by Bobby"
"Camphor","Downtown Los Angeles","eat","",ChIJNW1lfmzHwoARxzp7unjgv-0,1,"Bobby Google Saves"
"Capital Dim Sum & BBQ","Monterey Park","eat","",ChIJFVTNA13FwoARKVMsmhJZP5g,1,"Bobby Google Saves"
"Capital Dim Sum & BBQ","","","",ChIJFVTNA13FwoARKVMsmhJZP5g,2,"Instagram backfill - AI-assisted search approved by Bobby"
"Capital Seafood, Monterey Park","Monterey Park","nature","",ChIJk-6gEWDFwoARrNY5QouRCjE,1,"Bobby Google Saves"
"Captain Kidd's Fish Market & Restaurant","South Redondo","purveyors","",ChIJfWsLeqC0woARoOS54MfSZLc,1,"Bobby Google Saves"
"Captain Kidd's Fish Market & Restaurant","","","",ChIJfWsLeqC0woARoOS54MfSZLc,2,"Instagram backfill - AI-assisted search approved by Bobby"
"Carlitos Gardel Argentine Steakhouse","Melrose","eat","",ChIJSfKeA8y-woARpP7lY4htzZk,1,"Bobby Google Saves"
"Carlitos Gardel Argentine Steakhouse","","","",ChIJSfKeA8y-woARpP7lY4htzZk,2,"Instagram backfill - AI-assisted search approved by Bobby"
"Carnes Asadas Pancho Lopez, Mexican Food in Los Angeles CA üá≤üáΩ","Lincoln Heights","eat","",ChIJU5QfL6LHwoARElU2Bdi-hLY,1,"Bobby Google Saves"
"Carnes Asadas Pancho Lopez, Mexican Food in Los Angeles CA üá≤üáΩ","","","",ChIJU5QfL6LHwoARElU2Bdi-hLY,2,"Instagram backfill - AI-assisted search approved by Bobby"
"Carnitas El Artista","Inglewood","eat","",ChIJE-a5Sey2woARIOmT8DcN7fo,1,"Bobby Google Saves"
"Carnitas El Artista","","","",ChIJE-a5Sey2woARIOmT8DcN7fo,2,"Instagram backfill - AI-assisted search approved by Bobby"
"Carnitas el Momo","","","",ChIJecqMJuLFwoARkvNfe3NHxek,2,"Instagram backfill - AI-assisted search approved by Bobby"
"Carnitas el Momo","Monterey Park","eat","",ChIJecqMJuLFwoARkvNfe3NHxek,1,"Bobby Google Saves"
"Carnitas El Momo","","","",ChIJecqMJuLFwoARkvNfe3NHxek,2,"Multi-source editorial (Eater, Infatuation, LA Times)"
"Cassell's Hamburgers","Koreatown","eat","",ChIJF5CBt4K4woARq2aAD8eq4Wc,1,"Bobby Google Saves"
"Cassell's Hamburgers","","","",ChIJF5CBt4K4woARq2aAD8eq4Wc,2,"Instagram backfill - AI-assisted search approved by Bobby"
"CH Y La Birria","","","",ChIJL7t4BM_LwoARLFGh84t0Yl4,2,"Instagram backfill - AI-assisted search approved by Bobby"
"CH Y La Birria","Compton","eat","",ChIJL7t4BM_LwoARLFGh84t0Yl4,1,"Bobby Google Saves"
"Cha Cha Chicken","Ocean Park","eat","",ChIJKfOrltWkwoARFY0_8tyG-rI,1,"Bobby Google Saves"
"Cha Cha Chicken","","","",ChIJKfOrltWkwoARFY0_8tyG-rI,2,"Instagram backfill - AI-assisted search approved by Bobby"
"Cheaper by the Dozen House","Central LA","eat","",ChIJ7djZNAC5woARVhldJ8DR6hE,1,"Bobby Google Saves"
"Cheaper by the Dozen House","","","",ChIJ7djZNAC5woARVhldJ8DR6hE,2,"Instagram backfill - AI-assisted search approved by Bobby"
"Chef Tony","Arcadia","eat","",ChIJ8ahcKprbwoAR1Z8H2eRvy20,1,"Bobby Google Saves"
"Chez Maggy","","","",ChIJS96maGJ5bIcRJRI1kCMY45Q,2,"Instagram backfill - AI-assisted search approved by Bobby"
"Chez Maggy","Central","eat","",ChIJS96maGJ5bIcRJRI1kCMY45Q,1,"Bobby Google Saves"
"Chifa ÂúãÂÅâ","Northeast Los Angeles","eat","",ChIJIU8Bc0_BwoAROGY7LCFmwak,1,"Bobby Google Saves"
"Chifa ÂúãÂÅâ","","","",ChIJIU8Bc0_BwoAROGY7LCFmwak,2,"Instagram backfill - AI-assisted search approved by Bobby"
"Chong Qing Special Noodles","San Gabriel","eat","",ChIJ-7B5Vd7awoART5RmRyS4DLI,1,"Bobby Google Saves"
"Chong Qing Special Noodles","","","",ChIJ-7B5Vd7awoART5RmRyS4DLI,2,"Instagram backfill - AI-assisted search approved by Bobby"
"Chong Qing YaoMei Hotpot","South Arroyo","eat","",ChIJtTEoRlrDwoARWq8fn2pFaXU,1,"Bobby Google Saves"
"Chong Qing YaoMei Hotpot","","","",ChIJtTEoRlrDwoARWq8fn2pFaXU,2,"Instagram backfill - AI-assisted search approved by Bobby"
"CJ's Cafe","","","",ChIJy36g3Le5woAREFv1CuWpk2U,2,"Instagram backfill - AI-assisted search approved by Bobby"
"CJ's Cafe","South Los Angeles","coffee","",ChIJy36g3Le5woAREFv1CuWpk2U,1,"Bobby Google Saves"
"Claro's Italian Market","","","",ChIJPajfY5bawoARjeU-5QOII4U,2,"Instagram backfill - AI-assisted search approved by Bobby"
"Claro's Italian Market","San Gabriel","purveyors","",ChIJPajfY5bawoARjeU-5QOII4U,1,"Bobby Google Saves"
"Claro's Italian Markets","","","",ChIJMbq1tcLbwoARJTrSXqHsfq4,2,"Instagram backfill - AI-assisted search approved by Bobby"
"Claro's Italian Markets","Arcadia","eat","",ChIJMbq1tcLbwoARJTrSXqHsfq4,1,"Bobby Google Saves"
"Colette Pasadena ‰∫∫ÁîüÂ¶ÇÊàè","Hastings Ranch","eat","",ChIJi2XJf4jcwoARuE66qcjm-SU,1,"Bobby Google Saves"
"Colette Pasadena ‰∫∫ÁîüÂ¶ÇÊàè","","","",ChIJi2XJf4jcwoARuE66qcjm-SU,2,"Instagram backfill - AI-assisted search approved by Bobby"
"Colori Kitchen","Central LA","eat","",ChIJQeJFkLXHwoARzhW_GUAiBio,1,"Bobby Google Saves"
"Colori Kitchen","","","",ChIJQeJFkLXHwoARzhW_GUAiBio,2,"Instagram backfill - AI-assisted search approved by Bobby"
"Combo A","Echo Park","eat","",ChIJB9tHQxzHwoARw-zgu8SFLXo,1,"Bobby Google Saves"
"Combo A","","","",ChIJB9tHQxzHwoARw-zgu8SFLXo,2,"Instagram backfill - AI-assisted search approved by Bobby"
"Common Wave HiFi","","","",ChIJA4HtJQvHwoAR5e60mCEzzes,2,"Instagram backfill - AI-assisted search approved by Bobby"
"Common Wave HiFi","Central LA","eat","",ChIJA4HtJQvHwoAR5e60mCEzzes,1,"Bobby Google Saves"
"Compton's Original Seafood & Chicken","Compton","eat","",ChIJiS32w0_LwoARewPDXEV2l_4,1,"Bobby Google Saves"
"Compton's Original Seafood & Chicken","","","",ChIJiS32w0_LwoARewPDXEV2l_4,2,"Instagram backfill - AI-assisted search approved by Bobby"
"Coni‚ÄôSeafood","","","",ChIJFx55nHq2woARJOWFnj7bnDE,2,"Instagram backfill - AI-assisted search approved by Bobby"
"Coni‚ÄôSeafood","Inglewood","eat","",ChIJFx55nHq2woARJOWFnj7bnDE,1,"Bobby Google Saves"
"Creekside Park","Walnut","nature","",ChIJVyNuxSwqw4ARkD4L5pjq2D0,1,"Bobby Google Saves"
"Creekside Park","","","",ChIJVyNuxSwqw4ARkD4L5pjq2D0,2,"Instagram backfill - AI-assisted search approved by Bobby"
"Creekside Village","Calabasas","shop","",ChIJdZCo9cYg6IARYFg_0XiIyKE,1,"Bobby Google Saves"
"Creekside Village","","","",ChIJdZCo9cYg6IARYFg_0XiIyKE,2,"Instagram backfill - AI-assisted search approved by Bobby"
"Crenshaw Juice Co.","","","",ChIJ_QitLNy5woAR2-GXyQJxAUI,2,"Instagram backfill - AI-assisted search approved by Bobby"
"Crenshaw Juice Co.","South Los Angeles","eat","",ChIJ_QitLNy5woAR2-GXyQJxAUI,1,"Bobby Google Saves"
"Crossroads Kitchen","","","",ChIJhZy9Gba-woARQLEEpEN46uw,2,"Instagram backfill - AI-assisted search approved by Bobby"
"Crossroads Kitchen","Melrose","eat","",ChIJhZy9Gba-woARQLEEpEN46uw,1,"Bobby Google Saves"
"Crudo e Nudo","","","",ChIJlUEcjcS7woAR2LfLzj32DoM,2,"Instagram backfill - AI-assisted search approved by Bobby"
"Crudo e Nudo","Ocean Park","drinks","",ChIJlUEcjcS7woAR2LfLzj32DoM,1,"Bobby Google Saves"
"Crustees","","","",ChIJQV42vXC3woARZOb7IyDsdQY,2,"Instagram backfill - AI-assisted search approved by Bobby"
"Crustees","South Los Angeles","eat","",ChIJQV42vXC3woARZOb7IyDsdQY,1,"Bobby Google Saves"
"CVS","","","",ChIJL0ipDCaYwoARIDinkjt2Ih0,2,"Instagram backfill - AI-assisted search approved by Bobby"
"CVS","Encino","shop","",ChIJL0ipDCaYwoARIDinkjt2Ih0,1,"Bobby Google Saves"
"Darya Restaurant","","","",ChIJh-hsb0K7woARBZndLFELEKc,2,"Instagram backfill - AI-assisted search approved by Bobby"
"Darya Restaurant","Sawtelle","eat","",ChIJh-hsb0K7woARBZndLFELEKc,1,"Bobby Google Saves"
"Dha Rae Oak","Central LA","eat","",ChIJE4V_cn24woARWMvbbXPqXgw,1,"Bobby Google Saves"
"Dha Rae Oak","","","",ChIJE4V_cn24woARWMvbbXPqXgw,2,"Instagram backfill - AI-assisted search approved by Bobby"
"Dim Sum Box","","","",ChIJc6sdf7vbwoAR7F2eRWgnMZ4,2,"Instagram backfill - AI-assisted search approved by Bobby"
"Dim Sum Box","San Gabriel","eat","",ChIJc6sdf7vbwoAR7F2eRWgnMZ4,1,"Bobby Google Saves"
"Dio Mio","","","",ChIJI4KvKhp5bIcRWzWjv3llyWY,2,"Instagram backfill - AI-assisted search approved by Bobby"
"Dio Mio","Five Points","eat","",ChIJI4KvKhp5bIcRWzWjv3llyWY,1,"Bobby Google Saves"
"Ditroit Taqueria","Downtown Los Angeles","eat","",ChIJ7ZsyRInHwoARHeKk2NzYgo0,1,"Bobby Google Saves"
"Ditroit Taqueria","","","",ChIJ7ZsyRInHwoARHeKk2NzYgo0,2,"Instagram backfill - AI-assisted search approved by Bobby"
"Don Abel","South Montebello","eat","",ChIJmSDf9KXPwoARj0BYd893tXI,1,"Bobby Google Saves"
"Don Abel","","","",ChIJmSDf9KXPwoARj0BYd893tXI,2,"Instagram backfill - AI-assisted search approved by Bobby"
"Donlevy, Estess & Lohiya Oral & Maxillofacial Surgery Group in Los Angeles","Westchester","eat","",ChIJuyjOB82wwoARjpiZ2NQmfUA,1,"Bobby Google Saves"
"Donlevy, Estess & Lohiya Oral & Maxillofacial Surgery Group in Los Angeles","","","",ChIJuyjOB82wwoARjpiZ2NQmfUA,2,"Instagram backfill - AI-assisted search approved by Bobby"
"Double Needle Denim Repair","Highland Park","eat","",ChIJGzrNYwzEwoARRnlytSi9_4Q,1,"Bobby Google Saves"
"Double Needle Denim Repair","","","",ChIJGzrNYwzEwoARRnlytSi9_4Q,2,"Instagram backfill - AI-assisted search approved by Bobby"
"Dr. Rainier A. Manzanilla, MD","","","",ChIJY1p3mQ3GwoARL3w_EMfaG6k,2,"Instagram backfill - AI-assisted search approved by Bobby"
"Dr. Rainier A. Manzanilla, MD","Central LA","eat","",ChIJY1p3mQ3GwoARL3w_EMfaG6k,1,"Bobby Google Saves"
"DRIVER","","","",ChIJ-1ddCc6kfwQRSdXDGG135E8,2,"Instagram backfill - AI-assisted search approved by Bobby"
"Duchess","","","",ChIJ29FAXZHHwoARqevJxFj4jCU,2,"Instagram backfill - AI-assisted search approved by Bobby"
"Duchess","Downtown Los Angeles","eat","",ChIJ29FAXZHHwoARqevJxFj4jCU,1,"Bobby Google Saves"
"Dudley Market","","","",ChIJZ_afsM66woARNjQ8STDWIhs,2,"Instagram backfill - AI-assisted search approved by Bobby"
"Dudley Market","Venice","purveyors","",ChIJZ_afsM66woARNjQ8STDWIhs,1,"Bobby Google Saves"
"Dulan's On Crenshaw","","","",ChIJ8XK86I63woARr8aszMpIvGk,2,"Instagram backfill - AI-assisted search approved by Bobby"
"Dulan's On Crenshaw","South Los Angeles","eat","",ChIJ8XK86I63woARr8aszMpIvGk,1,"Bobby Google Saves"
"Dumpling House","Koreatown","eat","",ChIJGXwtb2THwoAR_MhWomlJzTA,1,"Bobby Google Saves"
"Dumpling House","","","",ChIJGXwtb2THwoAR_MhWomlJzTA,2,"Instagram backfill - AI-assisted search approved by Bobby"
"Earle's On Crenshaw","South Los Angeles","eat","",ChIJfzqZfze4woARnrC4q63-YDY,1,"Bobby Google Saves"
"Eatalian","Gardena","eat","",ChIJXyA2cYvKwoAR7pOW5ece-WA,1,"Bobby Google Saves"
"Eatalian","","","",ChIJXyA2cYvKwoAR7pOW5ece-WA,2,"Instagram backfill - AI-assisted search approved by Bobby"
"El Chucho","","","",ChIJjyyKoPm7woARQmKXDc_jJhA,2,"Instagram backfill - AI-assisted search approved by Bobby"
"El Chucho","Mar Vista","eat","",ChIJjyyKoPm7woARQmKXDc_jJhA,1,"Bobby Google Saves"
"El Huarique Venice","Venice","eat","",ChIJVyP89Le6woARpojYG5O96Ok,1,"Bobby Google Saves"
"El Huarique Venice","","","",ChIJVyP89Le6woARpojYG5O96Ok,2,"Instagram backfill - AI-assisted search approved by Bobby"
"El Prado","","","",ChIJa-yZkxvHwoARF8aDKibbOtw,2,"Instagram backfill - AI-assisted search approved by Bobby"
"El Prado","Echo Park","eat","",ChIJa-yZkxvHwoARF8aDKibbOtw,1,"Bobby Google Saves"
"El Ruso #1","","","",ChIJ-URtEy_PwoARpHuRchShY4Q,2,"Instagram backfill - AI-assisted search approved by Bobby"
"El Ruso #1","Central LA","eat","",ChIJ-URtEy_PwoARpHuRchShY4Q,1,"Bobby Google Saves"
"El Sazon Oaxaqueno","Mar Vista","eat","",ChIJpXvkBmi6woARXOgrzfEEuI0,1,"Bobby Google Saves"
"El Sazon Oaxaqueno","","","",ChIJpXvkBmi6woARXOgrzfEEuI0,2,"Instagram backfill - AI-assisted search approved by Bobby"
"El Tepeyac Cafe","","","",ChIJMRRbJPvFwoARFIb4YmkxfrY,2,"Instagram backfill - AI-assisted search approved by Bobby"
"El Tepeyac Cafe","","","",ChIJMRRbJPvFwoARFIb4YmkxfrY,2,"Multi-source editorial (Eater, Infatuation, LA Times)"
"El Tepeyac Cafe","Central LA","coffee","",ChIJMRRbJPvFwoARFIb4YmkxfrY,1,"Bobby Google Saves"
"Electric Bleu","","","",ChIJbyaCjJC7woAR_xvFzbIPxX8,2,"Instagram backfill - AI-assisted search approved by Bobby"
"Electric Bleu","Mar Vista","eat","",ChIJbyaCjJC7woAR_xvFzbIPxX8,1,"Bobby Google Saves"
"Ellie's","Alamitos Beach","eat","",ChIJy3uWNBcx3YARyYgXmZovKVY,1,"Bobby Google Saves"
"Ellie's","","","",ChIJy3uWNBcx3YARyYgXmZovKVY,2,"Instagram backfill - AI-assisted search approved by Bobby"
"Empress Harbor Seafood Restaurant","Monterey Park","eat","",ChIJo5obal3FwoARGk7oEDQWT1A,1,"Bobby Google Saves"
"Empress Harbor Seafood Restaurant","","","",ChIJo5obal3FwoARGk7oEDQWT1A,2,"Instagram backfill - AI-assisted search approved by Bobby"
"Esp Guitar Co","","","",ChIJTUhaPbaVwoARl9scZ5Wkdf4,2,"Instagram backfill - AI-assisted search approved by Bobby"
"Esp Guitar Co","Atwater Village","eat","",ChIJTUhaPbaVwoARl9scZ5Wkdf4,1,"Bobby Google Saves"
"Ethel's Grill","","","",ChIJfx5B2VxuAHwRQvhZNe-MRU8,2,"Instagram backfill - AI-assisted search approved by Bobby"
"√àtra","","","",ChIJOYO2dCO5woARnV2xXAIO7X4,2,"Instagram backfill - AI-assisted search approved by Bobby"
"√àtra","Central LA","eat","",ChIJOYO2dCO5woARnV2xXAIO7X4,1,"Bobby Google Saves"
"Evil Twin LA","Del Rey","eat","",ChIJRXkX_l27woARKLI_w3BM0vU,1,"Bobby Google Saves"
"Evil Twin LA","","","",ChIJRXkX_l27woARKLI_w3BM0vU,2,"Instagram backfill - AI-assisted search approved by Bobby"
"Exotic Bonsai","East Hollywood","eat","",ChIJJQKN01zHwoARVY5OQs8P1j0,1,"Bobby Google Saves"
"Exotic Bonsai","","","",ChIJJQKN01zHwoARVY5OQs8P1j0,2,"Instagram backfill - AI-assisted search approved by Bobby"
"Exposition Park Rose Garden","South Los Angeles","eat","",ChIJY4yAluLHwoAR7y--92aDHbQ,1,"Bobby Google Saves"
"Exposition Park Rose Garden","","","",ChIJY4yAluLHwoAR7y--92aDHbQ,2,"Instagram backfill - AI-assisted search approved by Bobby"
"Fairmont Miramar Hotel & Bungalows","","","",ChIJBx8nTcSkwoAR1bDfXdfVf20,2,"Instagram backfill - AI-assisted search approved by Bobby"
"Fairmont Miramar Hotel & Bungalows","Wilshire Montana","stay","",ChIJBx8nTcSkwoAR1bDfXdfVf20,1,"Bobby Google Saves"
"Father's Office","","","",ChIJraWfUYK5woARS-2eei5FyqA,2,"Instagram backfill - AI-assisted search approved by Bobby"
"Father's Office","Mid-City","eat","",ChIJraWfUYK5woARS-2eei5FyqA,1,"Bobby Google Saves"
"Father's Office","","","",ChIJraWfUYK5woARS-2eei5FyqA,2,"Instagram backfill - AI-assisted search approved by Bobby"
"Father's Office","Wilshire Montana","drinks","",ChIJraWfUYK5woARS-2eei5FyqA,1,"Bobby Google Saves"
"Fiesta Martin Mexican Grill","Inglewood","eat","",ChIJE35UfG23woARs6SDJKmlirw,1,"Bobby Google Saves"
"Fiesta Martin Mexican Grill","","","",ChIJE35UfG23woARs6SDJKmlirw,2,"Instagram backfill - AI-assisted search approved by Bobby"
"Fisherman's Outlet","","","",ChIJSdzoiTrGwoARNH3kQNv_ODs,2,"Instagram backfill - AI-assisted search approved by Bobby"
"Fisherman's Outlet","Downtown Los Angeles","eat","",ChIJSdzoiTrGwoARNH3kQNv_ODs,1,"Bobby Google Saves"
"Fishing with Dynamite","","","",ChIJx8Fqf-uzwoARNgjsQAO6kV0,2,"Multi-source editorial (Eater, Infatuation, Time Out)"
"Fishing with Dynamite","","","",ChIJx8Fqf-uzwoARNgjsQAO6kV0,2,"Multi-source editorial (Eater, Infatuation, LA Times)"
"Fishing With Dynamite","Manhattan Beach","eat","",ChIJx8Fqf-uzwoARNgjsQAO6kV0,1,"Bobby Google Saves"
"Fishing With Dynamite","","","",ChIJx8Fqf-uzwoARNgjsQAO6kV0,2,"Instagram backfill - AI-assisted search approved by Bobby"
"Five Star Seafood Restaurant","","","",ChIJz4_oQLfawoAR06OPsxrCWjQ,2,"Instagram backfill - AI-assisted search approved by Bobby"
"Five Star Seafood Restaurant","San Gabriel","eat","",ChIJz4_oQLfawoAR06OPsxrCWjQ,1,"Bobby Google Saves"
"Flavors from Afar","Hollywood","coffee","",ChIJ4bBUgAu5woARBXjZoiwNzCo,1,"Bobby Google Saves"
"Flavors from Afar","","","",ChIJ4bBUgAu5woARBXjZoiwNzCo,2,"Instagram backfill - AI-assisted search approved by Bobby"
"Fukagawa","Gardena","eat","",ChIJk7eMYYK1woAR_pND4nYsju8,1,"Bobby Google Saves"
"Fukagawa","","","",ChIJk7eMYYK1woAR_pND4nYsju8,2,"Instagram backfill - AI-assisted search approved by Bobby"
"Fyrebird","Gardena","eat","",ChIJgXF-seq1woARiVsc8GY9X6s,1,"Bobby Google Saves"
"Fyrebird","","","",ChIJgXF-seq1woARiVsc8GY9X6s,2,"Instagram backfill - AI-assisted search approved by Bobby"
"Ggiata Delicatessen","Brentwood","eat","",ChIJU1fdR6u7woARyPXQ6KhJMCA,1,"Bobby Google Saves"
"Ggiata Delicatessen","","","",ChIJU1fdR6u7woARyPXQ6KhJMCA,2,"Instagram backfill - AI-assisted search approved by Bobby"
"Ghisallo","Sunset Park","eat","",ChIJ8Q-vp7m7woARy0JPBCMyo9I,1,"Bobby Google Saves"
"Ghisallo","","","",ChIJ8Q-vp7m7woARy0JPBCMyo9I,2,"Instagram backfill - AI-assisted search approved by Bobby"
"Ghost Pizza Kitchen","","","",ChIJXRWOjc2-woAR3gdF4i8i3fI,2,"Instagram backfill - AI-assisted search approved by Bobby"
"Ghost Pizza Kitchen","Fairfax","eat","",ChIJXRWOjc2-woAR3gdF4i8i3fI,1,"Bobby Google Saves"
"Girl & the Goat Los Angeles","Downtown Los Angeles","eat","",ChIJXVodUFfHwoARe63Z7LSuUnY,1,"Bobby Google Saves"
"Girl & the Goat Los Angeles","","","",ChIJXVodUFfHwoARe63Z7LSuUnY,2,"Instagram backfill - AI-assisted search approved by Bobby"
"Goldburger Los Feliz","Central LA","eat","",ChIJ1Rccb1zBwoARZvDzH8z9AR0,1,"Bobby Google Saves"
"Golden Burger Teriyaki","Westlake","eat","",ChIJx6pNFArHwoARJ_7hQTJpVEU,1,"Bobby Google Saves"
"Golden Burger Teriyaki","","","",ChIJx6pNFArHwoARJ_7hQTJpVEU,2,"Instagram backfill - AI-assisted search approved by Bobby"
"Golden Deli San Gabriel","","","",ChIJlxh9yCrbwoARY2YFozO9D9U,2,"Instagram backfill - AI-assisted search approved by Bobby"
"Golden Deli San Gabriel","San Gabriel","coffee","",ChIJlxh9yCrbwoARY2YFozO9D9U,1,"Bobby Google Saves"
"Good Clean Fun","Downtown Los Angeles","eat","",ChIJp6jJXTXHwoAR9LnnI4WV_EE,1,"Bobby Google Saves"
"Good Clean Fun","","","",ChIJp6jJXTXHwoAR9LnnI4WV_EE,2,"Instagram backfill - AI-assisted search approved by Bobby"
"Good Stuff - Palos Verdes","","","",ChIJBV7NWpRL3YARqB6CNP-KPWg,2,"Instagram backfill - AI-assisted search approved by Bobby"
"Good Stuff - Palos Verdes","Rolling Hills Estates","eat","",ChIJBV7NWpRL3YARqB6CNP-KPWg,1,"Bobby Google Saves"
"Gr√°","Westlake","eat","",ChIJ35H4d-fHwoARK-W7Ikwq5VU,1,"Bobby Google Saves"
"Gr√°","","","",ChIJ35H4d-fHwoARK-W7Ikwq5VU,2,"Instagram backfill - AI-assisted search approved by Bobby"
"Gracie's Pizza","","","",ChIJXbVGoFnHwoARsfhdWOPI-i8,2,"Instagram backfill - AI-assisted search approved by Bobby"
"Gracie's Pizza","East Hollywood","eat","",ChIJXbVGoFnHwoARsfhdWOPI-i8,1,"Bobby Google Saves"
"Gran Blanco","","","",ChIJU-eNypO7woARwJBY90BAuDI,2,"Instagram backfill - AI-assisted search approved by Bobby"
"Gran Blanco","Venice","eat","",ChIJU-eNypO7woARwJBY90BAuDI,1,"Bobby Google Saves"
"Gravity Haus Denver Hotel","Highland","eat","",ChIJgz--PA55bIcR8HszE2avMP8,1,"Bobby Google Saves"
"Gravity Haus Denver Hotel","","","",ChIJgz--PA55bIcR8HszE2avMP8,2,"Instagram backfill - AI-assisted search approved by Bobby"
"Gusto Bread","4th Street Corridor","bakery","",ChIJ48g1Fk8x3YARINyUvGM92D0,1,"Bobby Google Saves"
"Gusto Bread","","","",ChIJ48g1Fk8x3YARINyUvGM92D0,2,"Instagram backfill - AI-assisted search approved by Bobby"
"Haleiwa Joe's Haiku Gardens","","","",ChIJK3Frma1rAHwR14f_NgsLLCs,2,"Instagram backfill - AI-assisted search approved by Bobby"
"Haleiwa Joe's Haiku Gardens","Kaneohe","eat","",ChIJK3Frma1rAHwR14f_NgsLLCs,1,"Bobby Google Saves"
"Happy Harbor Seafood Restaurant Âá±ÊÇÖÂ§ßÈÖíÊ®ì","Rowland Heights","eat","",ChIJb5oTGloqw4ARpZCAmFnBB58,1,"Bobby Google Saves"
"Happy Harbor Seafood Restaurant Âá±ÊÇÖÂ§ßÈÖíÊ®ì","","","",ChIJb5oTGloqw4ARpZCAmFnBB58,2,"Instagram backfill - AI-assisted search approved by Bobby"
"Happy Together ÂñúËñà","El Monte","eat","",ChIJj-beFtjbwoARAHGfg-HGXDE,1,"Bobby Google Saves"
"Happy Together ÂñúËñà","","","",ChIJj-beFtjbwoARAHGfg-HGXDE,2,"Instagram backfill - AI-assisted search approved by Bobby"
"Harold & Belle's","","","",ChIJc29xTz-4woAR5txT9avOmac,2,"Instagram backfill - AI-assisted search approved by Bobby"
"Harold & Belle's","South Los Angeles","eat","",ChIJc29xTz-4woAR5txT9avOmac,1,"Bobby Google Saves"
"Hasu Japanese Izakaya & Grill","","","",ChIJrbqzKmy1woARvgNkoRG1PUs,2,"Instagram backfill - AI-assisted search approved by Bobby"
"Hasu Japanese Izakaya & Grill","Northeast Torrance","eat","",ChIJrbqzKmy1woARvgNkoRG1PUs,1,"Bobby Google Saves"
"Hatchet Hall","","","",ChIJ9bOUX2a6woARMexni9pIRdU,2,"Instagram backfill - AI-assisted search approved by Bobby"
"Hatchet Hall","Culver - West","drinks","",ChIJ9bOUX2a6woARMexni9pIRdU,1,"Bobby Google Saves"
"Hawkins House of Burgers","South Los Angeles","eat","",ChIJzwDSzczLwoARijd1lUIzYqc,1,"Bobby Google Saves"
"Hawkins House of Burgers","","","",ChIJzwDSzczLwoARijd1lUIzYqc,2,"Instagram backfill - AI-assisted search approved by Bobby"
"Heavy Handed","","","",ChIJy5dj4v67woARgIEvLD_SDPI,2,"Instagram backfill - AI-assisted search approved by Bobby"
"Heavy Handed","Ocean Park","eat","",ChIJy5dj4v67woARgIEvLD_SDPI,1,"Bobby Google Saves"
"Heritage","Rose Park South","eat","",ChIJDcD184Qx3YARLeMltHfb8PU,1,"Bobby Google Saves"
"Heritage","","","",ChIJDcD184Qx3YARLeMltHfb8PU,2,"Instagram backfill - AI-assisted search approved by Bobby"
"Hey Kiddo","Northwest","eat","",ChIJtXx1hZmHa4cRQGgpqy6OEpo,1,"Bobby Google Saves"
"Hey Kiddo","","","",ChIJtXx1hZmHa4cRQGgpqy6OEpo,2,"Instagram backfill - AI-assisted search approved by Bobby"
"Hippo","","","",ChIJKfzc1hTFwoARglWDAZ2qTXA,2,"Instagram backfill - AI-assisted search approved by Bobby"
"Hippo","Highland Park","eat","",ChIJKfzc1hTFwoARglWDAZ2qTXA,1,"Bobby Google Saves"
"Holcomb Street","","","",ChIJYUB8Nee7woARkmGgltl4KHM,2,"Instagram backfill - AI-assisted search approved by Bobby"
"Holcomb Street","Beverlywood","eat","",ChIJYUB8Nee7woARkmGgltl4KHM,1,"Bobby Google Saves"
"Holy Basil Market","","","",ChIJf7L3TdvBwoARDeaXHZL10Jw,2,"Instagram backfill - AI-assisted search approved by Bobby"
"Holy Basil Market","Northeast Los Angeles","purveyors","",ChIJf7L3TdvBwoARDeaXHZL10Jw,1,"Bobby Google Saves"
"Holy Basil Santa Monica","","","",ChIJ8-lbzSi7woARimpHDJfXchY,2,"Instagram backfill - AI-assisted search approved by Bobby"
"Holy Basil Santa Monica","Mid-City","eat","",ChIJ8-lbzSi7woARimpHDJfXchY,1,"Bobby Google Saves"
"Homage Brewing","Central LA","eat","",ChIJQzatpaPHwoARUfPRURrOsJ4,1,"Bobby Google Saves"
"Homage Brewing","","","",ChIJQzatpaPHwoARUfPRURrOsJ4,2,"Instagram backfill - AI-assisted search approved by Bobby"
"Hop Alley","Five Points","eat","",ChIJiz68dxp5bIcRnDG_uUVRVJw,1,"Bobby Google Saves"
"Hop Alley","","","",ChIJiz68dxp5bIcRnDG_uUVRVJw,2,"Instagram backfill - AI-assisted search approved by Bobby"
"Hotel Las Rosas & Spa","","","",ChIJQfUdnBKT2IARb2I39SOlQhE,2,"Instagram backfill - AI-assisted search approved by Bobby"
"Hotel Las Rosas & Spa","La Playita","stay","",ChIJQfUdnBKT2IARb2I39SOlQhE,1,"Bobby Google Saves"
"Il Sogno Deli","","","",ChIJ_9ljS0m5woARN6H34h_21Lo,2,"Instagram backfill - AI-assisted search approved by Bobby"
"Il Sogno Deli","Central LA","eat","",ChIJ_9ljS0m5woARN6H34h_21Lo,1,"Bobby Google Saves"
"IMA","Beverly Hills","eat","",ChIJB7RMK8e9woARj0juQCDxUiI,1,"Bobby Google Saves"
"IMA","","","",ChIJB7RMK8e9woARj0juQCDxUiI,2,"Instagram backfill - AI-assisted search approved by Bobby"
"Inaba Japanese Restaurant","Delthorne","eat","",ChIJx7NewtO0woARCEk05DbH2tA,1,"Bobby Google Saves"
"Inaba Japanese Restaurant","","","",ChIJx7NewtO0woARCEk05DbH2tA,2,"Instagram backfill - AI-assisted search approved by Bobby"
"Izakaya Akatsuki","Harbor Gateway North","eat","",ChIJSdJyWSO1woARZKYJOPxJvhU,1,"Bobby Google Saves"
"Izakaya Akatsuki","","","",ChIJSdJyWSO1woARZKYJOPxJvhU,2,"Instagram backfill - AI-assisted search approved by Bobby"
"J Zhou Oriental Cuisine","","","",ChIJGxHj4yHc3IAR6ZiuJfmRm3s,2,"Instagram backfill - AI-assisted search approved by Bobby"
"J Zhou Oriental Cuisine","Tustin Legacy","eat","",ChIJGxHj4yHc3IAR6ZiuJfmRm3s,1,"Bobby Google Saves"
"Jackson Market and Deli","Carlson Park","purveyors","",ChIJwwKTXSa6woARDmIZa4cziME,1,"Bobby Google Saves"
"Jackson Market and Deli","","","",ChIJwwKTXSa6woARDmIZa4cziME,2,"Instagram backfill - AI-assisted search approved by Bobby"
"Jade Wok","","","",ChIJmUad2VnGwoAR-x_TD_jDKXQ,2,"Instagram backfill - AI-assisted search approved by Bobby"
"Jade Wok","Central LA","eat","",ChIJmUad2VnGwoAR-x_TD_jDKXQ,1,"Bobby Google Saves"
"Jar","Central LA","eat","",ChIJYxfmZzW5woAR5ZXA4iAzipQ,1,"Bobby Google Saves"
"Jar","","","",ChIJYxfmZzW5woAR5ZXA4iAzipQ,2,"Instagram backfill - AI-assisted search approved by Bobby"
"Javan Restaurant","Sawtelle","eat","",ChIJbxUhwr67woARKwvV6v5W4cI,1,"Bobby Google Saves"
"Javan Restaurant","","","",ChIJbxUhwr67woARKwvV6v5W4cI,2,"Instagram backfill - AI-assisted search approved by Bobby"
"Jeong Yuk Jeom Korean BBQ LA","Koreatown","eat","",ChIJCVZYpIy5woARnN-7t9XK0FA,1,"Bobby Google Saves"
"Jeong Yuk Jeom Korean BBQ LA","","","",ChIJCVZYpIy5woARnN-7t9XK0FA,2,"Instagram backfill - AI-assisted search approved by Bobby"
"Jidaiya Ramen Dining","","","",ChIJR154mly1woARhkeRuhb5B3s,2,"Instagram backfill - AI-assisted search approved by Bobby"
"Jidaiya Ramen Dining","Northeast Torrance","eat","",ChIJR154mly1woARhkeRuhb5B3s,1,"Bobby Google Saves"
"Jones","Central LA","drinks","",ChIJ_ZaCK9a-woARo6DSOmfgk4s,1,"Bobby Google Saves"
"Jones","","","",ChIJ_ZaCK9a-woARo6DSOmfgk4s,2,"Instagram backfill - AI-assisted search approved by Bobby"
"Josui Ramen","Northeast Torrance","eat","",ChIJN5MyWdi1woAR83ahV_L2sEk,1,"Bobby Google Saves"
"Josui Ramen","","","",ChIJN5MyWdi1woAR83ahV_L2sEk,2,"Instagram backfill - AI-assisted search approved by Bobby"
"Kashiwa Japanese Cuisine","Signal Hill","eat","",ChIJoW-RpdYz3YAR4OvgRsavVWs,1,"Bobby Google Saves"
"Kashiwa Japanese Cuisine","","","",ChIJoW-RpdYz3YAR4OvgRsavVWs,2,"Instagram backfill - AI-assisted search approved by Bobby"
"Killer Noodle Tsujita","Sawtelle","eat","",ChIJ2_gA43S7woARjScbyy51Lyc,1,"Bobby Google Saves"
"Killer Noodle Tsujita","","","",ChIJ2_gA43S7woARjScbyy51Lyc,2,"Instagram backfill - AI-assisted search approved by Bobby"
"Kippered","Downtown Los Angeles","eat","",ChIJYaEcrCXHwoARsvYEJ92JQWg,1,"Bobby Google Saves"
"Kippered","","","",ChIJYaEcrCXHwoARsvYEJ92JQWg,2,"Instagram backfill - AI-assisted search approved by Bobby"
"Kissaten Corazon","Central LA","eat","",ChIJ7d5NpSvHwoARkpmF9dP-QSA,1,"Bobby Google Saves"
"Kissaten Corazon","","","",ChIJ7d5NpSvHwoARkpmF9dP-QSA,2,"Instagram backfill - AI-assisted search approved by Bobby"
"kodo","Downtown Los Angeles","drinks","",ChIJV1jAhnvHwoARZ9dxuVaVvU4,1,"Bobby Google Saves"
"kodo","","","",ChIJV1jAhnvHwoARZ9dxuVaVvU4,2,"Instagram backfill - AI-assisted search approved by Bobby"
"KOMAL","South Los Angeles","eat","",ChIJN2ZjSwDJwoARKK1-GW6NSg4,1,"Bobby Google Saves"
"KOMAL","","","",ChIJN2ZjSwDJwoARKK1-GW6NSg4,2,"Instagram backfill - AI-assisted search approved by Bobby"
"Kombu Sushi","","","",ChIJf-MncEjHwoARkh07de0d9oo,2,"Instagram backfill - AI-assisted search approved by Bobby"
"Kombu Sushi","Silver Lake","eat","",ChIJf-MncEjHwoARkh07de0d9oo,1,"Bobby Google Saves"
"KOTOYA JAPANESE RAMEN","Palms","eat","",ChIJe2dJnMu7woAR_q9HDxTyXDo,1,"Bobby Google Saves"
"KOTOYA JAPANESE RAMEN","","","",ChIJe2dJnMu7woAR_q9HDxTyXDo,2,"Instagram backfill - AI-assisted search approved by Bobby"
"KTEAM BBQ","","","",ChIJ7_SxewDHwoARyB-lNf7XlZs,2,"Instagram backfill - AI-assisted search approved by Bobby"
"KTEAM BBQ","Koreatown","eat","",ChIJ7_SxewDHwoARyB-lNf7XlZs,1,"Bobby Google Saves"
"KUKU Cafe","","","",ChIJ51AcBaW3woARaO37v-RmNJc,2,"Instagram backfill - AI-assisted search approved by Bobby"
"KUKU Cafe","Inglewood","coffee","",ChIJ51AcBaW3woARaO37v-RmNJc,1,"Bobby Google Saves"
"Kyung's Seafood","","","",ChIJe3Ry0ehtAHwROTcC_sXBWoQ,2,"Instagram backfill - AI-assisted search approved by Bobby"
"Kyung's Seafood","Ala Moana","eat","",ChIJe3Ry0ehtAHwROTcC_sXBWoQ,1,"Bobby Google Saves"
"La B√™te Noire","Paris","bakery","",ChIJ18aVNMFx5kcRbY23i47sh0Y,1,"Bobby Google Saves"
"La B√™te Noire","","","",ChIJ18aVNMFx5kcRbY23i47sh0Y,2,"Instagram backfill - AI-assisted search approved by Bobby"
"La Boucherie","","","",ChIJbU-IELHHwoARxDEThp4W7kE,2,"Instagram backfill - AI-assisted search approved by Bobby"
"La Boucherie","Downtown Los Angeles","eat","",ChIJbU-IELHHwoARxDEThp4W7kE,1,"Bobby Google Saves"
"La Cabana Venice","","","",ChIJc2JTRcO6woARZYR4EjVcAYs,2,"Instagram backfill - AI-assisted search approved by Bobby"
"La Cabana Venice","Venice","eat","",ChIJc2JTRcO6woARZYR4EjVcAYs,1,"Bobby Google Saves"
"La Cocina de Do√±a Esthela","","","",ChIJp1Jrl_Tv2IAREGfZ3Y-QIVg,2,"Instagram backfill - AI-assisted search approved by Bobby"
"La Cocina de Do√±a Esthela","El Porvenir","eat","",ChIJp1Jrl_Tv2IAREGfZ3Y-QIVg,1,"Bobby Google Saves"
"La Fe","","","",ChIJERg-8mnHwoARVLDwPHHG26A,2,"Instagram backfill - AI-assisted search approved by Bobby"
"La Fe","Echo Park","eat","",ChIJERg-8mnHwoARVLDwPHHG26A,1,"Bobby Google Saves"
"LA FLAMA Culver City","Palms","eat","",ChIJj3LySAS7woARSvo8aPE4t8M,1,"Bobby Google Saves"
"LA FLAMA Culver City","","","",ChIJj3LySAS7woARSvo8aPE4t8M,2,"Instagram backfill - AI-assisted search approved by Bobby"
"La Fonda Of Inglewood Restaurant & Cafe","Inglewood","coffee","",ChIJg-Ztw--2woARsCw4U8__KdA,1,"Bobby Google Saves"
"La Fonda Of Inglewood Restaurant & Cafe","","","",ChIJg-Ztw--2woARsCw4U8__KdA,2,"Instagram backfill - AI-assisted search approved by Bobby"
"La korita tacos","","","",ChIJeTYIP9bOwoAR1jH3scLR1VY,2,"Instagram backfill - AI-assisted search approved by Bobby"
"La korita tacos","Maywood","eat","",ChIJeTYIP9bOwoAR1jH3scLR1VY,1,"Bobby Google Saves"
"La Mariana Sailing Club","","","",ChIJ06Xa8E9uAHwR287O0INHQ48,2,"Instagram backfill - AI-assisted search approved by Bobby"
"La Pergoletta","Central LA","eat","",ChIJW9g98LHAwoAR7eaxzvH95Uw,1,"Bobby Google Saves"
"La Pergoletta","","","",ChIJW9g98LHAwoAR7eaxzvH95Uw,2,"Instagram backfill - AI-assisted search approved by Bobby"
"La Pergoletta on Sunset","Silver Lake","eat","",ChIJNzV1OT7HwoARjmgTu-tjkJc,1,"Bobby Google Saves"
"La Pergoletta on Sunset","","","",ChIJNzV1OT7HwoARjmgTu-tjkJc,2,"Instagram backfill - AI-assisted search approved by Bobby"
"La Potranka","","","",ChIJQW65-KfMwoARSlSi4Z-l5zg,2,"Instagram backfill - AI-assisted search approved by Bobby"
"La Potranka","Compton","eat","",ChIJQW65-KfMwoARSlSi4Z-l5zg,1,"Bobby Google Saves"
"LA PUREPECHA COCINA MEXICANA","Downtown","eat","",ChIJP-emuM6lwoAR0Ue5xLU60xo,1,"Bobby Google Saves"
"LA PUREPECHA COCINA MEXICANA","","","",ChIJP-emuM6lwoAR0Ue5xLU60xo,2,"Instagram backfill - AI-assisted search approved by Bobby"
"Lalibela","Little Ethiopia","eat","",ChIJQ2hu7xW5woARDzFGVM33-qA,1,"Bobby Google Saves"
"Lalibela","","","",ChIJQ2hu7xW5woARDzFGVM33-qA,2,"Instagram backfill - AI-assisted search approved by Bobby"
"Lamonica's NY Pizza","Westwood","eat","",ChIJLRlkyYO8woARcSWHPDaf9ew,1,"Bobby Google Saves"
"Lamonica's NY Pizza","","","",ChIJLRlkyYO8woARcSWHPDaf9ew,2,"Instagram backfill - AI-assisted search approved by Bobby"
"Laurel Grill","","","",ChIJ4Yr51Cm7woARcEbxhx1xK2c,2,"Instagram backfill - AI-assisted search approved by Bobby"
"Laurel Grill","Downtown","eat","",ChIJ4Yr51Cm7woARcEbxhx1xK2c,1,"Bobby Google Saves"
"Le Great Outdoor Restaurant","","","",ChIJfwjLxD67woARQh2IIpl4pbo,2,"Instagram backfill - AI-assisted search approved by Bobby"
"Le Great Outdoor Restaurant","Pico","nature","",ChIJfwjLxD67woARQh2IIpl4pbo,1,"Bobby Google Saves"
"Leona","Venice","eat","",ChIJqYED5qK6woARR-K0e6jsF0s,1,"Bobby Google Saves"
"Leona","","","",ChIJqYED5qK6woARR-K0e6jsF0s,2,"Instagram backfill - AI-assisted search approved by Bobby"
"Les Sisters' Southern Kitchen","Winnetka","eat","",ChIJz6cLkw6bwoARicsfhtFSEC0,1,"Bobby Google Saves"
"Les Sisters' Southern Kitchen","","","",ChIJz6cLkw6bwoARicsfhtFSEC0,2,"Instagram backfill - AI-assisted search approved by Bobby"
"Lincoln Seafood","Monterey Park","eat","",ChIJD1xxJVfFwoARXpBgR5asYc0,1,"Bobby Google Saves"
"Lincoln Seafood","","","",ChIJD1xxJVfFwoARXpBgR5asYc0,2,"Instagram backfill - AI-assisted search approved by Bobby"
"Little Belize Restaurant","","","",ChIJScaNJQK3woARnRf6dbNPtgw,2,"Instagram backfill - AI-assisted search approved by Bobby"
"Little Belize Restaurant","Inglewood","eat","",ChIJScaNJQK3woARnRf6dbNPtgw,1,"Bobby Google Saves"
"Little Fatty","","","",ChIJQ--zYVy6woARhg4IaNZ49GY,2,"Instagram backfill - AI-assisted search approved by Bobby"
"Little Fatty","Mar Vista","drinks","",ChIJQ--zYVy6woARhg4IaNZ49GY,1,"Bobby Google Saves"
"Little Fish Echo Park","","","",ChIJCWc7fhHHwoARXg2bZCd7D-8,2,"Instagram backfill - AI-assisted search approved by Bobby"
"Little Fish Echo Park","Echo Park","nature","",ChIJCWc7fhHHwoARXg2bZCd7D-8,1,"Bobby Google Saves"
"Little Piggy","","","",ChIJs2VXlwK_woAR1cOkLx989Us,2,"Instagram backfill - AI-assisted search approved by Bobby"
"Little Piggy","Sunset Strip","shop","",ChIJs2VXlwK_woAR1cOkLx989Us,1,"Bobby Google Saves"
"Liu's Cafe","","","",ChIJRaosTfa5woAR4wOTRcJfhog,2,"Instagram backfill - AI-assisted search approved by Bobby"
"Liu's Cafe","Koreatown","coffee","",ChIJRaosTfa5woAR4wOTRcJfhog,1,"Bobby Google Saves"
"Lobster & Beer","","","",ChIJP74Xzcy7woARPdoQw6tp4ik,2,"Instagram backfill - AI-assisted search approved by Bobby"
"Lobster & Beer","Palms","eat","",ChIJP74Xzcy7woARPdoQw6tp4ik,1,"Bobby Google Saves"
"lolo wine bar","East Hollywood","wine","",ChIJk0aWgYC_woAR-ZMeTxnBc8Q,1,"Bobby Google Saves"
"lolo wine bar","","","",ChIJk0aWgYC_woAR-ZMeTxnBc8Q,2,"Instagram backfill - AI-assisted search approved by Bobby"
"Longo Seafood Restaurant","Garvey","eat","",ChIJ7_aTw6nawoARLZyk4LRQ46Y,1,"Bobby Google Saves"
"Longo Seafood Restaurant","","","",ChIJ7_aTw6nawoARLZyk4LRQ46Y,2,"Instagram backfill - AI-assisted search approved by Bobby"
"Lonzo's Restaurant","Washington Culver","eat","",ChIJy1Rd9jq6woARb2nkBPrsnk4,1,"Bobby Google Saves"
"Lonzo's Restaurant","","","",ChIJy1Rd9jq6woARb2nkBPrsnk4,2,"Instagram backfill - AI-assisted search approved by Bobby"
"Loreto","","","",ChIJFwh6fX3HwoARr9fhEj7PDPs,2,"Instagram backfill - AI-assisted search approved by Bobby"
"Loreto","Elysian Valley","eat","",ChIJFwh6fX3HwoARr9fhEj7PDPs,1,"Bobby Google Saves"
"Loreto's Fried Turkey","Compton","eat","",ChIJT7qSkg_LwoARN72mSLTrg_A,1,"Bobby Google Saves"
"Loreto's Fried Turkey","","","",ChIJT7qSkg_LwoARN72mSLTrg_A,2,"Instagram backfill - AI-assisted search approved by Bobby"
"Los Angeles P√©tanque Club","","","",ChIJrTLbwMG7woARh8yjG9woPD4,2,"Instagram backfill - AI-assisted search approved by Bobby"
"Los Angeles P√©tanque Club","Cheviot Hills","eat","",ChIJrTLbwMG7woARh8yjG9woPD4,1,"Bobby Google Saves"
"Los Cheros Pupuseria","","","",ChIJqziit-zKwoARBDhJZwmxA4g,2,"Instagram backfill - AI-assisted search approved by Bobby"
"Los Cheros Pupuseria","Gardena","eat","",ChIJqziit-zKwoARBDhJZwmxA4g,1,"Bobby Google Saves"
"Louis Burgers II","","","",ChIJP6yERn3LwoAR49x4m8x6fVI,2,"Instagram backfill - AI-assisted search approved by Bobby"
"Louis Burgers II","Compton","eat","",ChIJP6yERn3LwoAR49x4m8x6fVI,1,"Bobby Google Saves"
"Love & Salt","","","",ChIJR6wziuyzwoARFjyYXSB_WJA,2,"Multi-source editorial (Eater, Infatuation, Time Out)"
"Love & Salt","Manhattan Beach","eat","",ChIJR6wziuyzwoARFjyYXSB_WJA,1,"Bobby Google Saves"
"Love & Salt","","","",ChIJR6wziuyzwoARFjyYXSB_WJA,2,"Instagram backfill - AI-assisted search approved by Bobby"
"Love & Salt","","","",ChIJR6wziuyzwoARFjyYXSB_WJA,2,"Multi-source editorial (Eater, Infatuation, LA Times)"
"Lucky 1 Restaurant","Garvey","eat","",ChIJb4bnho_bwoAROrm4cP4br_s,1,"Bobby Google Saves"
"Lucky 1 Restaurant","","","",ChIJb4bnho_bwoAROrm4cP4br_s,2,"Instagram backfill - AI-assisted search approved by Bobby"
"Lucky Plaza","","","",ChIJSWw72JDawoARCgPyUOhFujM,2,"Instagram backfill - AI-assisted search approved by Bobby"
"Lucky Plaza","Rosemead","eat","",ChIJSWw72JDawoARCgPyUOhFujM,1,"Bobby Google Saves"
"Lukshon","Mid-City","eat","",ChIJex_4U4K5woARx3e9f4WsS5g,1,"Bobby Google Saves"
"Lukshon","","","",ChIJex_4U4K5woARx3e9f4WsS5g,2,"Instagram backfill - AI-assisted search approved by Bobby"
"LULU Restaurant LA","","","",ChIJk2YUd_m9woARHeliq1FRRS4,2,"Instagram backfill - AI-assisted search approved by Bobby"
"LULU Restaurant LA","Westwood","eat","",ChIJk2YUd_m9woARHeliq1FRRS4,1,"Bobby Google Saves"
"Lumi√®re","Century City","eat","",ChIJ1ebP_g27woARkTzWjtho9Hw,1,"Bobby Google Saves"
"Lumi√®re","","","",ChIJ1ebP_g27woARkTzWjtho9Hw,2,"Instagram backfill - AI-assisted search approved by Bobby"
"Maccheroni Republic","","","",ChIJvVvovUvGwoARYrOMSp23rpQ,2,"Instagram backfill - AI-assisted search approved by Bobby"
"Maccheroni Republic","Downtown Los Angeles","eat","",ChIJvVvovUvGwoARYrOMSp23rpQ,1,"Bobby Google Saves"
"Madeo Restaurant","Sunset Strip","eat","",ChIJVWDzP6y-woARq0ZRjmyar_c,1,"Bobby Google Saves"
"Madeo Restaurant","","","",ChIJVWDzP6y-woARq0ZRjmyar_c,2,"Instagram backfill - AI-assisted search approved by Bobby"
"Magokoro","","","",ChIJHcInFCC9YoYR0fsPvogdoCA,2,"Instagram backfill - AI-assisted search approved by Bobby"
"Magokoro","Del Valle","eat","",ChIJHcInFCC9YoYR0fsPvogdoCA,1,"Bobby Google Saves"
"Maison Kitsun√© Los Angeles","Silver Lake","eat","",ChIJib6jhfO5woARBg35yWNTVd8,1,"Bobby Google Saves"
"Maison Kitsun√© Los Angeles","","","",ChIJib6jhfO5woARBg35yWNTVd8,2,"Instagram backfill - AI-assisted search approved by Bobby"
"Majordomo","","","",ChIJJxloG2HGwoARrnxMRe2L_ik,2,"Instagram backfill - AI-assisted search approved by Bobby"
"Majordomo","Central LA","eat","",ChIJJxloG2HGwoARrnxMRe2L_ik,1,"Bobby Google Saves"
"Mamie","","","",ChIJieLTdES_woARcimvkZ5k2cM,2,"Instagram backfill - AI-assisted search approved by Bobby"
"Mamie","Central LA","eat","",ChIJieLTdES_woARcimvkZ5k2cM,1,"Bobby Google Saves"
"Manhattan Beach Post","","","",ChIJ1xvteOuzwoAR4YYewt0xbzU,2,"Instagram backfill - AI-assisted search approved by Bobby"
"Manhattan Beach Post","Manhattan Beach","drinks","",ChIJ1xvteOuzwoAR4YYewt0xbzU,1,"Bobby Google Saves"
"Manuela","","","",ChIJ1c-IyT7GwoARIYcIK2TyJ3k,2,"Instagram backfill - AI-assisted search approved by Bobby"
"Manuela","Downtown Los Angeles","eat","",ChIJ1c-IyT7GwoARIYcIK2TyJ3k,1,"Bobby Google Saves"
"Maple Block Meat Co.","Clarkdale","drinks","",ChIJlTadNz-6woARbFsNl3JOTBY,1,"Bobby Google Saves"
"Maple Block Meat Co.","","","",ChIJlTadNz-6woARbFsNl3JOTBY,2,"Instagram backfill - AI-assisted search approved by Bobby"
"Marco Polo","Silver Lake","eat","",ChIJq6p62k7HwoAR27oENJ9Jv1M,1,"Bobby Google Saves"
"Marco Polo","","","",ChIJq6p62k7HwoAR27oENJ9Jv1M,2,"Instagram backfill - AI-assisted search approved by Bobby"
"Margot","","","",ChIJeVAatpK5woARrSmJrrPMCjc,2,"Instagram backfill - AI-assisted search approved by Bobby"
"Margot","Lucerne - Higuera","drinks","",ChIJeVAatpK5woARrSmJrrPMCjc,1,"Bobby Google Saves"
"Marina Del Rey Hotel","","","",ChIJiSBrF2G6woARCZ4CwoQfGDE,2,"Instagram backfill - AI-assisted search approved by Bobby"
"Marina Del Rey Hotel","Marina del Rey","stay","",ChIJiSBrF2G6woARCZ4CwoQfGDE,1,"Bobby Google Saves"
"Mario's Italian Deli & Market","Citrus Grove","purveyors","",ChIJ3atC2wbBwoARuFCpDBv0B4g,1,"Bobby Google Saves"
"Mario's Italian Deli & Market","","","",ChIJ3atC2wbBwoARuFCpDBv0B4g,2,"Instagram backfill - AI-assisted search approved by Bobby"
"Mariscos y Sushi Tomateros","Lynwood","eat","",ChIJF_erafrLwoARZ6WD5nDX5eo,1,"Bobby Google Saves"
"Mariscos y Sushi Tomateros","","","",ChIJF_erafrLwoARZ6WD5nDX5eo,2,"Instagram backfill - AI-assisted search approved by Bobby"
"Marouch Restaurant","East Hollywood","eat","",ChIJj_dmK1THwoARB3JgAHW2gVY,1,"Bobby Google Saves"
"Marouch Restaurant","","","",ChIJj_dmK1THwoARB3JgAHW2gVY,2,"Instagram backfill - AI-assisted search approved by Bobby"
"Marugame Monzo","","","",ChIJfYSGw0fGwoARyMqh31EfoXg,2,"Instagram backfill - AI-assisted search approved by Bobby"
"Marugame Monzo","Downtown Los Angeles","eat","",ChIJfYSGw0fGwoARyMqh31EfoXg,1,"Bobby Google Saves"
"Master Burger","South Los Angeles","eat","",ChIJ9QNPWPq3woARZFw0tamq9CM,1,"Bobby Google Saves"
"Master Burger","","","",ChIJ9QNPWPq3woARZFw0tamq9CM,2,"Instagram backfill - AI-assisted search approved by Bobby"
"Mazal","","","",ChIJ1bWBF9_HwoARliht-HQf5ms,2,"Instagram backfill - AI-assisted search approved by Bobby"
"Mazal","Lincoln Heights","eat","",ChIJ1bWBF9_HwoARliht-HQf5ms,1,"Bobby Google Saves"
"Meals By Genet","Little Ethiopia","eat","",ChIJW9SZwxW5woARkrzV1YcRMAE,1,"Bobby Google Saves"
"Meals By Genet","","","",ChIJW9SZwxW5woARkrzV1YcRMAE,2,"Instagram backfill - AI-assisted search approved by Bobby"
"M√©lisse Restaurant","Downtown","eat","",ChIJ7fOMUsSkwoARIOVuE_23I1Q,1,"Bobby Google Saves"
"M√©lisse Restaurant","","","",ChIJ7fOMUsSkwoARIOVuE_23I1Q,2,"Instagram backfill - AI-assisted search approved by Bobby"
"Mi Corazon Mexican Cuisine","Central LA","eat","",ChIJMeCpzcvAwoARXil55K-v0Fc,1,"Bobby Google Saves"
"Mi Corazon Mexican Cuisine","","","",ChIJMeCpzcvAwoARXil55K-v0Fc,2,"Instagram backfill - AI-assisted search approved by Bobby"
"MIAN","San Gabriel","eat","",ChIJFQOXULbawoARmCPO2ocyiMQ,1,"Bobby Google Saves"
"MIAN","","","",ChIJFQOXULbawoARmCPO2ocyiMQ,2,"Instagram backfill - AI-assisted search approved by Bobby"
"MIAN West Adams","Los Angeles","eat","",ChIJx_RDQoK5woARwXTlKtk5Rkg,1,"Bobby Google Saves"
"MIAN West Adams","","","",ChIJx_RDQoK5woARwXTlKtk5Rkg,2,"Instagram backfill - AI-assisted search approved by Bobby"
"Michaels","","","",ChIJiRrTJM6kwoARSNux6NGQP08,2,"Instagram backfill - AI-assisted search approved by Bobby"
"Michaels","Sawtelle","eat","",ChIJiRrTJM6kwoARSNux6NGQP08,1,"Bobby Google Saves"
"Mignon","","","",ChIJe8tyojXGwoARi1awtzaWShc,2,"Instagram backfill - AI-assisted search approved by Bobby"
"Mignon","Downtown Los Angeles","eat","",ChIJe8tyojXGwoARi1awtzaWShc,1,"Bobby Google Saves"
"Mikaza Sushi & Lounge","","","",ChIJASP38YjHwoARJLHR85C2PCs,2,"Instagram backfill - AI-assisted search approved by Bobby"
"Mikaza Sushi & Lounge","Downtown Los Angeles","eat","",ChIJASP38YjHwoARJLHR85C2PCs,1,"Bobby Google Saves"
"Milo & Olive","","","",ChIJM5FYc0-7woARcsHdGgoXyTU,2,"Instagram backfill - AI-assisted search approved by Bobby"
"Milo & Olive","Northeast","bakery","",ChIJM5FYc0-7woARcsHdGgoXyTU,1,"Bobby Google Saves"
"Mitch's Fish Market & Sushi Bar","","","",ChIJO-YwWqpvAHwRKubvaF9GWFg,2,"Instagram backfill - AI-assisted search approved by Bobby"
"Mitch's Fish Market & Sushi Bar","Honolulu","purveyors","",ChIJO-YwWqpvAHwRKubvaF9GWFg,1,"Bobby Google Saves"
"Mizlala West Adams","Los Angeles","eat","",ChIJfz6TMGW5woARTAZdlUymtbs,1,"Bobby Google Saves"
"Mizlala West Adams","","","",ChIJfz6TMGW5woARTAZdlUymtbs,2,"Instagram backfill - AI-assisted search approved by Bobby"
"Monorom Cambodian Restaurant","Cambodia Town","eat","",ChIJe2C9mnMx3YARcHWFkkf7zsc,1,"Bobby Google Saves"
"Monorom Cambodian Restaurant","","","",ChIJe2C9mnMx3YARcHWFkkf7zsc,2,"Instagram backfill - AI-assisted search approved by Bobby"
"MONTE ALBAN RESTAURANT","Sawtelle","eat","",ChIJFfpTs2m7woARTTEwyM1IMwM,1,"Bobby Google Saves"
"MONTE ALBAN RESTAURANT","","","",ChIJFfpTs2m7woARTTEwyM1IMwM,2,"Instagram backfill - AI-assisted search approved by Bobby"
"Monterey Palace Restaurant","Garvey","eat","",ChIJuYUNVarawoARLRmpIlocQzI,1,"Bobby Google Saves"
"Monterey Palace Restaurant","","","",ChIJuYUNVarawoARLRmpIlocQzI,2,"Instagram backfill - AI-assisted search approved by Bobby"
"Mori Nozomi","Sawtelle","eat","",ChIJh_EchAm7woAR_M_f_w6W50c,1,"Bobby Google Saves"
"Mori Sushi","Sawtelle","eat","",ChIJp9ZohAm7woARvdg9Sja3QtI,1,"Bobby Google Saves"
"Mt. Olomana Trail (Three Peaks)","","","",ChIJDS33I60UAHwRydnVaBp_3n0,2,"Instagram backfill - AI-assisted search approved by Bobby"
"Mt. Olomana Trail (Three Peaks)","Kailua","nature","",ChIJDS33I60UAHwRydnVaBp_3n0,1,"Bobby Google Saves"
"Muelle 3","","","",ChIJSUObvmST2IARaT7SLK97Qj0,2,"Instagram backfill - AI-assisted search approved by Bobby"
"Muelle 3","Centro","eat","",ChIJSUObvmST2IARaT7SLK97Qj0,1,"Bobby Google Saves"
"Nalu Vida Venice Beach","","","",ChIJI5Pg8au7woARMNq32_nJCwE,2,"Instagram backfill - AI-assisted search approved by Bobby"
"Nalu Vida Venice Beach","Venice","eat","",ChIJI5Pg8au7woARMNq32_nJCwE,1,"Bobby Google Saves"
"NBC Seafood Restaurant","Monterey Park","eat","",ChIJLWHpQF7FwoAR9Vnm8mvW3YI,1,"Bobby Google Saves"
"NBC Seafood Restaurant","","","",ChIJLWHpQF7FwoAR9Vnm8mvW3YI,2,"Instagram backfill - AI-assisted search approved by Bobby"
"Newcomb's Ranch","","","",ChIJmyUenpTpwoAR7Yz_DetEfc4,2,"Instagram backfill - AI-assisted search approved by Bobby"
"Newcomb's Ranch","La Ca√±ada Flintridge","eat","",ChIJmyUenpTpwoAR7Yz_DetEfc4,1,"Bobby Google Saves"
"Newport Seafood Restaurant","","","",ChIJD8whBCrbwoARZFyRThKqIJI,2,"Instagram backfill - AI-assisted search approved by Bobby"
"Newport Seafood Restaurant","San Gabriel","eat","",ChIJD8whBCrbwoARZFyRThKqIJI,1,"Bobby Google Saves"
"Nick's Cafe","Central LA","coffee","",ChIJDWj_ml7GwoARovw-oXJNxXw,1,"Bobby Google Saves"
"Nick's Cafe","","","",ChIJDWj_ml7GwoARovw-oXJNxXw,2,"Instagram backfill - AI-assisted search approved by Bobby"
"Night + Market Weho","Sunset Strip","purveyors","",ChIJ93f0oKG-woAR1g08r2EtyRY,1,"Bobby Google Saves"
"Night + Market Weho","","","",ChIJ93f0oKG-woAR1g08r2EtyRY,2,"Instagram backfill - AI-assisted search approved by Bobby"
"Object","Melrose","shop","",ChIJWSulwdS4woAR7DQBNzC7ipc,1,"Bobby Google Saves"
"Object","","","",ChIJWSulwdS4woAR7DQBNzC7ipc,2,"Instagram backfill - AI-assisted search approved by Bobby"
"Oc & Lau Restaurant","","","",ChIJIxbGYcQn3YAR5m4f2kVYyuw,2,"Instagram backfill - AI-assisted search approved by Bobby"
"Oc & Lau Restaurant","Garden Grove","eat","",ChIJIxbGYcQn3YAR5m4f2kVYyuw,1,"Bobby Google Saves"
"Ocean Bo Dim Sum Cafe","El Monte","coffee","",ChIJ5SOSgazQwoARautP8kLfZDE,1,"Bobby Google Saves"
"Ocean Bo Dim Sum Cafe","","","",ChIJ5SOSgazQwoARautP8kLfZDE,2,"Instagram backfill - AI-assisted search approved by Bobby"
"OH LA LA","","","",ChIJvUWRuH3DwoARQCEJXemfZ7Y,2,"Instagram backfill - AI-assisted search approved by Bobby"
"OH LA LA","Catalina Villas","coffee","",ChIJvUWRuH3DwoARQCEJXemfZ7Y,1,"Bobby Google Saves"
"Ohana Superette","Silver Lake","eat","",ChIJ9THZtD_HwoARHbQuHXAPOdY,1,"Bobby Google Saves"
"Ohana Superette","","","",ChIJ9THZtD_HwoARHbQuHXAPOdY,2,"Instagram backfill - AI-assisted search approved by Bobby"
"Olivia Restaurant","Koreatown","eat","",ChIJTasbtVrHwoAR4AXWcZFu1Kk,1,"Bobby Google Saves"
"Olivia Restaurant","","","",ChIJTasbtVrHwoAR4AXWcZFu1Kk,2,"Instagram backfill - AI-assisted search approved by Bobby"
"Open Sesame Grill - Long Beach","","","",ChIJxYlPETYw3YARI4v-ecGueZo,2,"Instagram backfill - AI-assisted search approved by Bobby"
"Open Sesame Grill - Long Beach","Belmont Shore","eat","",ChIJxYlPETYw3YARI4v-ecGueZo,1,"Bobby Google Saves"
"ORA","","","",ChIJW0o0Q0m3woARhowYbV87-4g,2,"Instagram backfill - AI-assisted search approved by Bobby"
"ORA","South Los Angeles","coffee","",ChIJW0o0Q0m3woARhowYbV87-4g,1,"Bobby Google Saves"
"Orleans & York Inglewood","Inglewood","eat","",ChIJaUxRXwa3woARdn14D4eFFnA,1,"Bobby Google Saves"
"Orleans & York Inglewood","","","",ChIJaUxRXwa3woARdn14D4eFFnA,2,"Instagram backfill - AI-assisted search approved by Bobby"
"Orsa & Winston","Downtown Los Angeles","eat","",ChIJh9W-NkrGwoARmn2KQbXkdhg,1,"Bobby Google Saves"
"Orsa & Winston","","","",ChIJh9W-NkrGwoARmn2KQbXkdhg,2,"Instagram backfill - AI-assisted search approved by Bobby"
"Ospi Venice","Venice","eat","",ChIJmWxvuXq7woAR2IhTan5Zzp0,1,"Bobby Google Saves"
"Ospi Venice","","","",ChIJmWxvuXq7woAR2IhTan5Zzp0,2,"Instagram backfill - AI-assisted search approved by Bobby"
"Otomisan Restaurant","Central LA","eat","",ChIJ2RqKBAfGwoARXSZOQkp0C-E,1,"Bobby Google Saves"
"Otomisan Restaurant","","","",ChIJ2RqKBAfGwoARXSZOQkp0C-E,2,"Instagram backfill - AI-assisted search approved by Bobby"
"P1","","","",ChIJzbINrymxwoARS2brgyK99NQ,2,"Instagram backfill - AI-assisted search approved by Bobby"
"P1","Westchester","eat","",ChIJzbINrymxwoARS2brgyK99NQ,1,"Bobby Google Saves"
"Palmeri Ristorante","Brentwood","eat","",ChIJX1dF91-7woARYX_H2NV6Jv0,1,"Bobby Google Saves"
"Palmeri Ristorante","","","",ChIJX1dF91-7woARYX_H2NV6Jv0,2,"Instagram backfill - AI-assisted search approved by Bobby"
"Parker's Lighthouse","","","",ChIJ845fqCUx3YARbBeWgWBGpRM,2,"Multi-source editorial (Eater, Infatuation, LA Times)"
"Parkers' Lighthouse","Waterfront","drinks","",ChIJ845fqCUx3YARbBeWgWBGpRM,1,"Bobby Google Saves"
"Parkers' Lighthouse","","","",ChIJ845fqCUx3YARbBeWgWBGpRM,2,"Instagram backfill - AI-assisted search approved by Bobby"
"Pasta Sisters","Arlington Heights","eat","",ChIJA-ZYDSu5woARRnUA678ZKvI,1,"Bobby Google Saves"
"Pasta Sisters","","","",ChIJA-ZYDSu5woARRnUA678ZKvI,2,"Instagram backfill - AI-assisted search approved by Bobby"
"Paul Bar/Food","Palm Springs","drinks","",ChIJlZZl0p0d24AR_d4Tf3576ZI,1,"Bobby Google Saves"
"Paul Bar/Food","","","",ChIJlZZl0p0d24AR_d4Tf3576ZI,2,"Instagram backfill - AI-assisted search approved by Bobby"
"Pearl River Deli","Central LA","eat","",ChIJFYCW7ZXHwoAR-kWhlThLezI,1,"Bobby Google Saves"
"Pearl River Deli","","","",ChIJFYCW7ZXHwoAR-kWhlThLezI,2,"Instagram backfill - AI-assisted search approved by Bobby"
"Peking Tavern","Downtown Los Angeles","drinks","",ChIJNRuP28rHwoARsVROzrrmszs,1,"Bobby Google Saves"
"Peking Tavern","","","",ChIJNRuP28rHwoARsVROzrrmszs,2,"Instagram backfill - AI-assisted search approved by Bobby"
"Pepper Tavern ÂõõÂ∑ùÈõÜÂ∏Ç","San Gabriel","drinks","",ChIJk_J2-DHFwoARENm2zd_p_R4,1,"Bobby Google Saves"
"Pepper Tavern ÂõõÂ∑ùÈõÜÂ∏Ç","","","",ChIJk_J2-DHFwoARENm2zd_p_R4,2,"Instagram backfill - AI-assisted search approved by Bobby"
"Perilla LA","Chinatown","eat","",ChIJsSNupLe5woARgIO3oWlJ9ps,1,"Bobby Google Saves"
"Perilla LA","","","",ChIJsSNupLe5woARgIO3oWlJ9ps,2,"Instagram backfill - AI-assisted search approved by Bobby"
"PERU CHICHA PERUVIAN RESTAURANT.","Gardena","eat","",ChIJ0TrUXUG1woARnto2MZx0kkA,1,"Bobby Google Saves"
"PERU CHICHA PERUVIAN RESTAURANT.","","","",ChIJ0TrUXUG1woARnto2MZx0kkA,2,"Instagram backfill - AI-assisted search approved by Bobby"
"Petit Trois","","","",ChIJydzjPNO4woAR9la4IiglqbA,2,"Instagram backfill - AI-assisted search approved by Bobby"
"Petit Trois","Central LA","eat","",ChIJydzjPNO4woAR9la4IiglqbA,1,"Bobby Google Saves"
"Petite Peso","Downtown Los Angeles","eat","",ChIJo2MzP9LHwoARAhjwB1oZW1E,1,"Bobby Google Saves"
"Petite Peso","","","",ChIJo2MzP9LHwoARAhjwB1oZW1E,2,"Instagram backfill - AI-assisted search approved by Bobby"
"Phat Noodles","","","",ChIJpWn9JWzLwoARVmuR936sO2k,2,"Instagram backfill - AI-assisted search approved by Bobby"
"Phat Noodles","Compton","eat","",ChIJpWn9JWzLwoARVmuR936sO2k,1,"Bobby Google Saves"
"Phillips Bar-B-Que","Inglewood","drinks","",ChIJ56dkOWu3woAR_iBbsRyq598,1,"Bobby Google Saves"
"Phillips Bar-B-Que","","","",ChIJ56dkOWu3woAR_iBbsRyq598,2,"Instagram backfill - AI-assisted search approved by Bobby"
"Phnom Penh Noodle Shack","","","",ChIJ27rL9HAx3YARWSo8BUALEr4,2,"Instagram backfill - AI-assisted search approved by Bobby"
"Phnom Penh Noodle Shack","Whittier","eat","",ChIJ27rL9HAx3YARWSo8BUALEr4,1,"Bobby Google Saves"
"Phorage Vietnamese Overland","Westside Village","eat","",ChIJ18alAsu7woARhEobtA6w-Ck,1,"Bobby Google Saves"
"Phorage Vietnamese Overland","","","",ChIJ18alAsu7woARhEobtA6w-Ck,2,"Instagram backfill - AI-assisted search approved by Bobby"
"Pinky's Los Feliz","Central LA","eat","",ChIJ55q6W3nBwoAR7zYES5tOSfc,1,"Bobby Google Saves"
"Pinky's Los Feliz","","","",ChIJ55q6W3nBwoAR7zYES5tOSfc,2,"Instagram backfill - AI-assisted search approved by Bobby"
"Pinyon Ojai","","","",ChIJ6e5sT0ml6YARrl188yS6r4g,2,"Instagram backfill - AI-assisted search approved by Bobby"
"Pinyon Ojai","Ojai","eat","",ChIJ6e5sT0ml6YARrl188yS6r4g,1,"Bobby Google Saves"
"Pizzana","","","",ChIJa8YvKhzHwoARNsesjH1rw4s,2,"Instagram backfill - AI-assisted search approved by Bobby"
"Pizzana","Silver Lake","eat","",ChIJa8YvKhzHwoARNsesjH1rw4s,1,"Bobby Google Saves"
"Pizzeria Bianco","Downtown Los Angeles","eat","",ChIJU4B7dFzHwoARzYn5dctIk0I,1,"Bobby Google Saves"
"Pizzeria Mozza","Melrose","eat","",ChIJbWvuoNO4woARx2Xy5MvJ138,1,"Bobby Google Saves"
"Pizzeria Mozza","","","",ChIJbWvuoNO4woARx2Xy5MvJ138,2,"Instagram backfill - AI-assisted search approved by Bobby"
"Pizzeria Sei","","","",ChIJZzA8EM25woAR4SmcyXbfxBE,2,"Instagram backfill - AI-assisted search approved by Bobby"
"Pizzeria Sei","Pico-Robertson","eat","",ChIJZzA8EM25woAR4SmcyXbfxBE,1,"Bobby Google Saves"
"Polaris Media Lab","Central LA","eat","",ChIJA0KB332_woAR2jRvZu3W4KE,1,"Bobby Google Saves"
"Polaris Media Lab","","","",ChIJA0KB332_woAR2jRvZu3W4KE,2,"Instagram backfill - AI-assisted search approved by Bobby"
"Pollo A La Brasa","","","",ChIJy7zNpMi5woARzzZwdauukV0,2,"Instagram backfill - AI-assisted search approved by Bobby"
"Pollo A La Brasa","Koreatown","eat","",ChIJy7zNpMi5woARzzZwdauukV0,1,"Bobby Google Saves"
"Pop's Chicken","Compton","eat","",ChIJayD7-HPLwoARSk7_TXwcsPI,1,"Bobby Google Saves"
"Pop's Chicken","","","",ChIJayD7-HPLwoARSk7_TXwcsPI,2,"Instagram backfill - AI-assisted search approved by Bobby"
"Porta Via Italian Foods","South Arroyo","eat","",ChIJMU2GZ3zDwoARars-iw6-B9k,1,"Bobby Google Saves"
"Porta Via Italian Foods","","","",ChIJMU2GZ3zDwoARars-iw6-B9k,2,"Instagram backfill - AI-assisted search approved by Bobby"
"Post & Beam","South Los Angeles","drinks","",ChIJHQ2ElC64woARivNi5I0WYSg,1,"Bobby Google Saves"
"Post & Beam","","","",ChIJHQ2ElC64woARivNi5I0WYSg,2,"Instagram backfill - AI-assisted search approved by Bobby"
"Potager","Central","eat","",ChIJSQrn7NF-bIcRW1sYMcUq_mE,1,"Bobby Google Saves"
"Potager","","","",ChIJSQrn7NF-bIcRW1sYMcUq_mE,2,"Instagram backfill - AI-assisted search approved by Bobby"
"Premiere Dental Group","Marina del Rey","eat","",ChIJ4beo0oC6woAREssxotSlCo0,1,"Bobby Google Saves"
"Premiere Dental Group","","","",ChIJ4beo0oC6woAREssxotSlCo0,2,"Instagram backfill - AI-assisted search approved by Bobby"
"Primitivo Restaurante","","","",ChIJ9-_YrSjv2IAR2kwffPxdoOU,2,"Instagram backfill - AI-assisted search approved by Bobby"
"Primitivo Restaurante","Ensenada","eat","",ChIJ9-_YrSjv2IAR2kwffPxdoOU,1,"Bobby Google Saves"
"Q","","","",ChIJdVr6UrTHwoARPa44y99pcs8,2,"Instagram backfill - AI-assisted search approved by Bobby"
"Q","Downtown Los Angeles","eat","",ChIJdVr6UrTHwoARPa44y99pcs8,1,"Bobby Google Saves"
"Quarters Korean BBQ","","","",ChIJoz3QPH3HwoAR-eUJ2juVyzQ,2,"Instagram backfill - AI-assisted search approved by Bobby"
"Quarters Korean BBQ","Koreatown","eat","",ChIJoz3QPH3HwoAR-eUJ2juVyzQ,1,"Bobby Google Saves"
"Quintas Papagayo","Zona Playitas","stay","",ChIJtQcvKczY2IAR01DDSpSAc5o,1,"Bobby Google Saves"
"Quintas Papagayo","","","",ChIJtQcvKczY2IAR01DDSpSAc5o,2,"Instagram backfill - AI-assisted search approved by Bobby"
"R/10 Social House","","","",ChIJ3xKkcKC0woARw9QdkYklyc0,2,"Instagram backfill - AI-assisted search approved by Bobby"
"R/10 Social House","South Redondo","drinks","",ChIJ3xKkcKC0woARw9QdkYklyc0,1,"Bobby Google Saves"
"R10 Social House","","","",ChIJ3xKkcKC0woARw9QdkYklyc0,2,"Multi-source editorial (Eater, Infatuation, LA Times)"
"Rainforest Flora, Inc.","","","",ChIJxwWKa-e0woARcWTnGdeccgA,2,"Instagram backfill - AI-assisted search approved by Bobby"
"Rainforest Flora, Inc.","West Torrance","eat","",ChIJxwWKa-e0woARcWTnGdeccgA,1,"Bobby Google Saves"
"Ramona Room","","","",ChIJEy4mphDHwoARejZ9zUN_d4U,2,"Instagram backfill - AI-assisted search approved by Bobby"
"Ramona Room","Echo Park","coffee","",ChIJEy4mphDHwoARejZ9zUN_d4U,1,"Bobby Google Saves"
"Rangoon Burmese kitchen","Arts District","eat","",ChIJy0j-0opvAHwRWJmJld0b1rA,1,"Bobby Google Saves"
"Rangoon Burmese kitchen","","","",ChIJy0j-0opvAHwRWJmJld0b1rA,2,"Instagram backfill - AI-assisted search approved by Bobby"
"Rasarumah","Westlake","eat","",ChIJ5fd-NQDHwoARKiTGuaNIeco,1,"Bobby Google Saves"
"Rasarumah","","","",ChIJ5fd-NQDHwoARKiTGuaNIeco,2,"Instagram backfill - AI-assisted search approved by Bobby"
"Rasselbock Kitchen & Beer Garden","","","",ChIJtRAY0pgz3YARrvEEEZ40s5c,2,"Instagram backfill - AI-assisted search approved by Bobby"
"Rasselbock Kitchen & Beer Garden","Bixby Knolls","nature","",ChIJtRAY0pgz3YARrvEEEZ40s5c,1,"Bobby Google Saves"
"Ray's Texas Bbq","Huntington Park","eat","",ChIJXX10eR_JwoAR7OJ1RFKTuYo,1,"Bobby Google Saves"
"Ray's Texas Bbq","","","",ChIJXX10eR_JwoAR7OJ1RFKTuYo,2,"Instagram backfill - AI-assisted search approved by Bobby"
"Redbird","","","",ChIJv4yVGknGwoARC_5zwy3zU5M,2,"Instagram backfill - AI-assisted search approved by Bobby"
"Redbird","Downtown Los Angeles","eat","",ChIJv4yVGknGwoARC_5zwy3zU5M,1,"Bobby Google Saves"
"Restaurant Ki","Downtown Los Angeles","eat","",ChIJ6fB8aADHwoARxXCY99wLo0U,1,"Bobby Google Saves"
"Restaurant Ki","","","",ChIJ6fB8aADHwoARxXCY99wLo0U,2,"Instagram backfill - AI-assisted search approved by Bobby"
"Revival Denver Public House","North Capitol Hill","eat","",ChIJdf7vwDB5bIcRUKbqopeByXc,1,"Bobby Google Saves"
"Revival Denver Public House","","","",ChIJdf7vwDB5bIcRUKbqopeByXc,2,"Instagram backfill - AI-assisted search approved by Bobby"
"Rhythm Room L.A.","Downtown Los Angeles","eat","",ChIJTwsCo0rGwoARKKzn_4khivA,1,"Bobby Google Saves"
"Rhythm Room L.A.","","","",ChIJTwsCo0rGwoARKKzn_4khivA,2,"Instagram backfill - AI-assisted search approved by Bobby"
"Roasted Duck by Pa Ord","East Hollywood","eat","",ChIJharH4mq_woAR3f7EfNbthQ8,1,"Bobby Google Saves"
"Roasted Duck by Pa Ord","","","",ChIJharH4mq_woAR3f7EfNbthQ8,2,"Instagram backfill - AI-assisted search approved by Bobby"
"Roma Market","","","",ChIJt3lehj7DwoARjFDvXyu8m78,2,"Instagram backfill - AI-assisted search approved by Bobby"
"Roma Market","Bungalow Heaven","purveyors","",ChIJt3lehj7DwoARjFDvXyu8m78,1,"Bobby Google Saves"
"Ronan","Fairfax","eat","",ChIJu4wpBcm_woARVYpXzbD6yaU,1,"Bobby Google Saves"
"Ronan","","","",ChIJu4wpBcm_woARVYpXzbD6yaU,2,"Instagram backfill - AI-assisted search approved by Bobby"
"Ronnie's Diner","","","",ChIJ6Z6W4Ha6woARMjTJ8EzTJpA,2,"Instagram backfill - AI-assisted search approved by Bobby"
"Ronnie's Diner","Del Rey","eat","",ChIJ6Z6W4Ha6woARMjTJ8EzTJpA,1,"Bobby Google Saves"
"Rory Fashion","Downtown Los Angeles","eat","",ChIJATzRP83HwoARoVm_g_CGeCM,1,"Bobby Google Saves"
"Rory Fashion","","","",ChIJATzRP83HwoARoVm_g_CGeCM,2,"Instagram backfill - AI-assisted search approved by Bobby"
"Royal Lobster LA","Koreatown","eat","",ChIJk4nvq9-5woARwK1RG8aP2ZY,1,"Bobby Google Saves"
"Royal Lobster LA","","","",ChIJk4nvq9-5woARwK1RG8aP2ZY,2,"Instagram backfill - AI-assisted search approved by Bobby"
"Rustic Canyon","","","",ChIJVSrXF8qkwoARXxeoyWyDrHk,2,"Instagram backfill - AI-assisted search approved by Bobby"
"Rustic Canyon","Wilshire Montana","eat","",ChIJVSrXF8qkwoARXxeoyWyDrHk,1,"Bobby Google Saves"
"Rusty Pot Caf√©","Inglewood","coffee","",ChIJcZjf9AG3woARtuMPblEtqpE,1,"Bobby Google Saves"
"Rusty Pot Caf√©","","","",ChIJcZjf9AG3woARtuMPblEtqpE,2,"Instagram backfill - AI-assisted search approved by Bobby"
"RVR","","","",ChIJZ1pkfgC7woARjdvLWPbggwg,2,"Instagram backfill - AI-assisted search approved by Bobby"
"RVR","Venice","eat","",ChIJZ1pkfgC7woARjdvLWPbggwg,1,"Bobby Google Saves"
"Sakae Sushi","","","",ChIJP7TQi4G1woARf84immqdMm8,2,"Instagram backfill - AI-assisted search approved by Bobby"
"Sakae Sushi","Gardena","eat","",ChIJP7TQi4G1woARf84immqdMm8,1,"Bobby Google Saves"
"Sakura-Ya","Gardena","eat","",ChIJIdydu3m1woARYwz2fP82mV8,1,"Bobby Google Saves"
"Sakura-Ya","","","",ChIJIdydu3m1woARYwz2fP82mV8,2,"Instagram backfill - AI-assisted search approved by Bobby"
"Santa Canela","","","",ChIJowrYmMLFwoARfBaOlCGmRNk,2,"Instagram backfill - AI-assisted search approved by Bobby"
"Santa Canela","Highland Park","bakery","",ChIJowrYmMLFwoARfBaOlCGmRNk,1,"Bobby Google Saves"
"Sarita's Pupuseria","Downtown Los Angeles","eat","",ChIJqX-Yk0vGwoARrZJbkvesnxo,1,"Bobby Google Saves"
"Savta","Fairfax","eat","",ChIJB0vwhQO5woAR4_iegn7UzHY,1,"Bobby Google Saves"
"Savta","","","",ChIJB0vwhQO5woAR4_iegn7UzHY,2,"Instagram backfill - AI-assisted search approved by Bobby"
"Sea Harbour Seafood Restaurant","","","",ChIJ_TQYZY_awoARAjrVzsNYoYo,2,"Instagram backfill - AI-assisted search approved by Bobby"
"Sea Harbour Seafood Restaurant","Rosemead","eat","",ChIJ_TQYZY_awoARAjrVzsNYoYo,1,"Bobby Google Saves"
"Seco","","","",ChIJqXVPrFnHwoARHRmEYTHmXzw,2,"Multi-source editorial (Infatuation, Eater, Time Out, Viva The Valley)"
"Senia","","","",ChIJRZadjXNuAHwRQ0l2_ic2glc,2,"Instagram backfill - AI-assisted search approved by Bobby"
"Senia","Downtown","eat","",ChIJRZadjXNuAHwRQ0l2_ic2glc,1,"Bobby Google Saves"
"Seong Buk Dong","","","",ChIJO9M6hXzHwoAR0cimcXbbsy4,2,"Instagram backfill - AI-assisted search approved by Bobby"
"Seong Buk Dong","Koreatown","eat","",ChIJO9M6hXzHwoAR0cimcXbbsy4,1,"Bobby Google Saves"
"Shin-Sen-Gumi Chanko - Gardena","Northeast Torrance","eat","",ChIJYXlDmly1woARVpq1PRCkZds,1,"Bobby Google Saves"
"Shin-Sen-Gumi Chanko - Gardena","","","",ChIJYXlDmly1woARVpq1PRCkZds,2,"Instagram backfill - AI-assisted search approved by Bobby"
"Shin-Sen-Gumi Shabu-Shabu","Gardena","eat","",ChIJtfuvH2S1woARUaGqUzTjET0,1,"Bobby Google Saves"
"Shin-Sen-Gumi Shabu-Shabu","","","",ChIJtfuvH2S1woARUaGqUzTjET0,2,"Instagram backfill - AI-assisted search approved by Bobby"
"Shins Pizza","Northeast Los Angeles","eat","",ChIJ4QeDUEjHwoARz0_6tHgpwNM,1,"Bobby Google Saves"
"Shins Pizza","","","",ChIJ4QeDUEjHwoARz0_6tHgpwNM,2,"Instagram backfill - AI-assisted search approved by Bobby"
"Shirubƒì","","","",ChIJkZvbH36lwoARn7gRx2v_cjQ,2,"Instagram backfill - AI-assisted search approved by Bobby"
"Shirubƒì","Downtown","eat","",ChIJkZvbH36lwoARn7gRx2v_cjQ,1,"Bobby Google Saves"
"Si! Mon","Venice","eat","",ChIJxyDoj5u7woARttWkJDjVa7g,1,"Bobby Google Saves"
"Si! Mon","","","",ChIJxyDoj5u7woARttWkJDjVa7g,2,"Instagram backfill - AI-assisted search approved by Bobby"
"Sichuan Impression","","","",ChIJMUDoKhLFwoARnf9iE98ouYc,2,"Instagram backfill - AI-assisted search approved by Bobby"
"Sichuan Impression","Alhambra","eat","",ChIJMUDoKhLFwoARnf9iE98ouYc,1,"Bobby Google Saves"
"Sichuan Impression","","","",ChIJMUDoKhLFwoARnf9iE98ouYc,2,"Instagram backfill - AI-assisted search approved by Bobby"
"Sichuan Impression","Westwood","eat","",ChIJMUDoKhLFwoARnf9iE98ouYc,1,"Bobby Google Saves"
"Sichuan Impression Èî¶ÂüéÈáå","","","",ChIJMUDoKhLFwoARnf9iE98ouYc,2,"Instagram backfill - AI-assisted search approved by Bobby"
"Sichuan Impression Èî¶ÂüéÈáå","City of Industry","eat","",ChIJMUDoKhLFwoARnf9iE98ouYc,1,"Bobby Google Saves"
"Sichuan Spicy Bay","Alhambra","eat","",ChIJcxuq11XbwoARM8nrTy-mvds,1,"Bobby Google Saves"
"Sichuan Spicy Bay","","","",ChIJcxuq11XbwoARM8nrTy-mvds,2,"Instagram backfill - AI-assisted search approved by Bobby"
"Sichuan Street Food (ÂΩì‰ª£Â∑ùËèú)","","","",ChIJl0m1nhrDwoARxSbYtqUcEq4,2,"Instagram backfill - AI-assisted search approved by Bobby"
"Sichuan Street Food (ÂΩì‰ª£Â∑ùËèú)","Pasadena","eat","",ChIJl0m1nhrDwoARxSbYtqUcEq4,1,"Bobby Google Saves"
"Side Street Inn On Da Strip","","","",ChIJ_cwZoYBtAHwRI6Ykbv5JdqY,2,"Instagram backfill - AI-assisted search approved by Bobby"
"Side Street Inn On Da Strip","Diamond Head / Kapahulu / St. Louis Heights","stay","",ChIJ_cwZoYBtAHwRI6Ykbv5JdqY,1,"Bobby Google Saves"
"Simply Wholesome","","","",ChIJSwdnhnC3woAR_f2MCa7ftaE,2,"Instagram backfill - AI-assisted search approved by Bobby"
"Simply Wholesome","South Los Angeles","eat","",ChIJSwdnhnC3woAR_f2MCa7ftaE,1,"Bobby Google Saves"
"Smoke and Fire Social Eatery","","","",ChIJkdWfiXLNwoAR-SbXAoYIckc,2,"Instagram backfill - AI-assisted search approved by Bobby"
"Smoke and Fire Social Eatery","Paramount","eat","",ChIJkdWfiXLNwoAR-SbXAoYIckc,1,"Bobby Google Saves"
"Somerville","South Los Angeles","eat","",ChIJ1_u02zi3woARqK7EFUz_Y4s,1,"Bobby Google Saves"
"Somerville","","","",ChIJ1_u02zi3woARqK7EFUz_Y4s,2,"Instagram backfill - AI-assisted search approved by Bobby"
"Sonido Del Valle","Central LA","eat","",ChIJOaW0xw7GwoARFuGAcZtCKtM,1,"Bobby Google Saves"
"Sonido Del Valle","","","",ChIJOaW0xw7GwoARFuGAcZtCKtM,2,"Instagram backfill - AI-assisted search approved by Bobby"
"South LA Cafe","South Los Angeles","coffee","",ChIJbS0cGVO5woARaBf0Grhvoj0,1,"Bobby Google Saves"
"South LA Cafe","","","",ChIJbS0cGVO5woARaBf0Grhvoj0,2,"Instagram backfill - AI-assisted search approved by Bobby"
"Spartina","Fairfax","eat","",ChIJYX7WCtO-woAR553fj8LNDag,1,"Bobby Google Saves"
"Spartina","","","",ChIJYX7WCtO-woAR553fj8LNDag,2,"Instagram backfill - AI-assisted search approved by Bobby"
"Spina","","","",ChIJI7udFD_BwoARt7uoEa_1d_8,2,"Instagram backfill - AI-assisted search approved by Bobby"
"Spina","Northeast Los Angeles","eat","",ChIJI7udFD_BwoARt7uoEa_1d_8,1,"Bobby Google Saves"
"SteelCraft Long Beach","","","",ChIJlQAcPZoz3YARdBWbP1WKSQs,2,"Instagram backfill - AI-assisted search approved by Bobby"
"SteelCraft Long Beach","California Heights","eat","",ChIJlQAcPZoz3YARdBWbP1WKSQs,1,"Bobby Google Saves"
"Stir Crazy","Melrose","eat","",ChIJ7WIEQcq5woAR0RM_28q5Kz0,1,"Bobby Google Saves"
"Stir Crazy","","","",ChIJ7WIEQcq5woAR0RM_28q5Kz0,2,"Instagram backfill - AI-assisted search approved by Bobby"
"Stuff I Eat","Inglewood","eat","",ChIJmRhHWAG3woARiXvgvI05iJo,1,"Bobby Google Saves"
"Stuff I Eat","","","",ChIJmRhHWAG3woARiXvgvI05iJo,2,"Instagram backfill - AI-assisted search approved by Bobby"
"Sunday Gravy","","","",ChIJh4nD6y-3woARL7c-WEyafEc,2,"Instagram backfill - AI-assisted search approved by Bobby"
"Sunday Gravy","Inglewood","eat","",ChIJh4nD6y-3woARL7c-WEyafEc,1,"Bobby Google Saves"
"Sunnin Lebanese Cafe","","","",ChIJN0WJzYK7woARRbo3UQKTLh8,2,"Instagram backfill - AI-assisted search approved by Bobby"
"Sunnin Lebanese Cafe","Westwood","coffee","",ChIJN0WJzYK7woARRbo3UQKTLh8,1,"Bobby Google Saves"
"Surfas Culinary District","","","",ChIJQ-Lg3IO5woARDDmecH931Yc,2,"Instagram backfill - AI-assisted search approved by Bobby"
"Surfas Culinary District","Arlington Heights","eat","",ChIJQ-Lg3IO5woARDDmecH931Yc,1,"Bobby Google Saves"
"Sushi Ike","","","",ChIJCdoAnUe_woARiuvfyHmW_MA,2,"Instagram backfill - AI-assisted search approved by Bobby"
"Sushi Ike","Central LA","eat","",ChIJCdoAnUe_woARiuvfyHmW_MA,1,"Bobby Google Saves"
"Sushi n Matcha Sho","Fairfax","eat","",ChIJZVNvUDW_woARM1hwZfXjnJw,1,"Bobby Google Saves"
"Sushi n Matcha Sho","","","",ChIJZVNvUDW_woARM1hwZfXjnJw,2,"Instagram backfill - AI-assisted search approved by Bobby"
"Sushi Sonagi","","","",ChIJiQId4c21woAR7Na-g3TATdA,2,"Instagram backfill - AI-assisted search approved by Bobby"
"Sushi Sonagi","Gardena","eat","",ChIJiQId4c21woAR7Na-g3TATdA,1,"Bobby Google Saves"
"Sushi Takeda","","","",ChIJZZ-jjkjGwoARk89p24EJYwo,2,"Instagram backfill - AI-assisted search approved by Bobby"
"Sushi Takeda","Downtown Los Angeles","eat","",ChIJZZ-jjkjGwoARk89p24EJYwo,1,"Bobby Google Saves"
"Sushi Tama","Central LA","eat","",ChIJNyucS3m_woARUKtQB__4rpY,1,"Bobby Google Saves"
"Sushi Tama","","","",ChIJNyucS3m_woARUKtQB__4rpY,2,"Instagram backfill - AI-assisted search approved by Bobby"
"Sweet Rice","Gardena","eat","",ChIJA1Tcvf21woAR1ZaqxOxjUWE,1,"Bobby Google Saves"
"Sweet Rice","","","",ChIJA1Tcvf21woAR1ZaqxOxjUWE,2,"Instagram backfill - AI-assisted search approved by Bobby"
"Tacos Don Goyo","","","",ChIJa9sIFQrSwoARQIhdM_567W8,2,"Multi-source editorial (Eater, Infatuation, LA Times)"
"Tacos Fenix (Fish & Shrimp)","","","",ChIJYblmQ3qS2IARnjZgt4i08d0,2,"Instagram backfill - AI-assisted search approved by Bobby"
"Tacos Fenix (Fish & Shrimp)","Obrera","eat","",ChIJYblmQ3qS2IARnjZgt4i08d0,1,"Bobby Google Saves"
"Tam's Noodle House","","","",ChIJ3V6g2-zbwoAR1t9P_QrSF_E,2,"Instagram backfill - AI-assisted search approved by Bobby"
"Tam's Noodle House","San Gabriel","eat","",ChIJ3V6g2-zbwoAR1t9P_QrSF_E,1,"Bobby Google Saves"
"Tamaler√≠a La Do√±a","East Compton","eat","",ChIJ6Ssg7L3MwoARZTkRLVKpjk4,1,"Bobby Google Saves"
"Tamaler√≠a La Do√±a","","","",ChIJ6Ssg7L3MwoARZTkRLVKpjk4,2,"Instagram backfill - AI-assisted search approved by Bobby"
"Taormina Sicilian Cuisine","","","",ChIJ5W-jcHVyAHwRaGm6iJsz26Y,2,"Instagram backfill - AI-assisted search approved by Bobby"
"Taormina Sicilian Cuisine","Waikiki","eat","",ChIJ5W-jcHVyAHwRaGm6iJsz26Y,1,"Bobby Google Saves"
"Taqueria Frontera","Northeast Los Angeles","eat","",ChIJq-wlGADHwoARfnCcqPOh9Jw,1,"Bobby Google Saves"
"Taqueria Frontera","","","",ChIJq-wlGADHwoARfnCcqPOh9Jw,2,"Instagram backfill - AI-assisted search approved by Bobby"
"Taqueria Vista Hermosa","South Los Angeles","eat","",ChIJGyYzkgrIwoAR5zXwQ4j0tCM,1,"Bobby Google Saves"
"Taqueria Vista Hermosa","","","",ChIJGyYzkgrIwoAR5zXwQ4j0tCM,2,"Instagram backfill - AI-assisted search approved by Bobby"
"Taste of Tehran Restaurant","","","",ChIJOVpDZ5y7woARXY_mVBj2V_A,2,"Instagram backfill - AI-assisted search approved by Bobby"
"Taste of Tehran Restaurant","West Los Angeles","eat","",ChIJOVpDZ5y7woARXY_mVBj2V_A,1,"Bobby Google Saves"
"TAVERNA at The Mar Vista","Mar Vista","eat","",ChIJgUepbVy6woARRs_aeOlq2bM,1,"Bobby Google Saves"
"TAVERNA at The Mar Vista","","","",ChIJgUepbVy6woARRs_aeOlq2bM,2,"Instagram backfill - AI-assisted search approved by Bobby"
"The Apple Pan","","","",ChIJyWIAM727woARCh0VBNP7GsU,2,"Instagram backfill - AI-assisted search approved by Bobby"
"The Apple Pan","West Los Angeles","eat","",ChIJyWIAM727woARCh0VBNP7GsU,1,"Bobby Google Saves"
"The Arthur J","","","",ChIJxanJrOyzwoARK-SmTA4f2vM,2,"Multi-source editorial (Eater, Infatuation, LA Times)"
"The Arthur J","","","",ChIJxanJrOyzwoARK-SmTA4f2vM,2,"Instagram backfill - AI-assisted search approved by Bobby"
"The Arthur J","Manhattan Beach","drinks","",ChIJxanJrOyzwoARK-SmTA4f2vM,1,"Bobby Google Saves"
"The Bazaar by Jose Andres","Central LA","eat","",ChIJ69zJpE65woARW1hTfn5h6qQ,1,"Bobby Google Saves"
"The Bazaar by Jose Andres","","","",ChIJ69zJpE65woARW1hTfn5h6qQ,2,"Instagram backfill - AI-assisted search approved by Bobby"
"The Beet Box Cafe","Kailua","coffee","",ChIJNzd-ddsUAHwR1825q6hd3dI,1,"Bobby Google Saves"
"The Beet Box Cafe","","","",ChIJNzd-ddsUAHwR1825q6hd3dI,2,"Instagram backfill - AI-assisted search approved by Bobby"
"The Belasco","Downtown Los Angeles","eat","",ChIJT359ZcnHwoARlzqycZrBhdc,1,"Bobby Google Saves"
"The Belasco","","","",ChIJT359ZcnHwoARlzqycZrBhdc,2,"Instagram backfill - AI-assisted search approved by Bobby"
"The Blue Hole Restaurant Belizean Caribbean Cuisine","Gardena","eat","",ChIJy5qjlS21woARjQnLuU-0cac,1,"Bobby Google Saves"
"The Blue Hole Restaurant Belizean Caribbean Cuisine","","","",ChIJy5qjlS21woARjQnLuU-0cac,2,"Instagram backfill - AI-assisted search approved by Bobby"
"The Breakers Palm Beach","","","",ChIJZcTxw5DW2IgREnhgYXc3igo,2,"Instagram backfill - AI-assisted search approved by Bobby"
"The Breakers Palm Beach","Palm Beach","eat","",ChIJZcTxw5DW2IgREnhgYXc3igo,1,"Bobby Google Saves"
"The Brixton","","","",ChIJez9qdxe7woARmfzhJtlXAlU,2,"Instagram backfill - AI-assisted search approved by Bobby"
"The Brixton","Pico","eat","",ChIJez9qdxe7woARmfzhJtlXAlU,1,"Bobby Google Saves"
"The Brothers Sushi Culver City","Downtown","eat","",ChIJd7kHztK7woART3cidqv8Pdg,1,"Bobby Google Saves"
"The Brothers Sushi Culver City","","","",ChIJd7kHztK7woART3cidqv8Pdg,2,"Instagram backfill - AI-assisted search approved by Bobby"
"The Cheese Store of Beverly Hills","Beverly Hills","purveyors","",ChIJMd3gmQe8woAR9A6FRbhXHoo,1,"Bobby Google Saves"
"The Cheese Store of Beverly Hills","","","",ChIJMd3gmQe8woAR9A6FRbhXHoo,2,"Instagram backfill - AI-assisted search approved by Bobby"
"The Chori-Man","","","",ChIJPRGMf9U33YARy1qrykl9h54,2,"Instagram backfill - AI-assisted search approved by Bobby"
"The Chori-Man","San Pedro","eat","",ChIJPRGMf9U33YARy1qrykl9h54,1,"Bobby Google Saves"
"The Crawford Hotel","","","",ChIJLzjzCcN4bIcR6Rns-LU8ylI,2,"Instagram backfill - AI-assisted search approved by Bobby"
"The Crawford Hotel","Union Station","stay","",ChIJLzjzCcN4bIcR6Rns-LU8ylI,1,"Bobby Google Saves"
"The Factory Kitchen","Downtown Los Angeles","eat","",ChIJKdvOsiTGwoAROdFrQHvqplE,1,"Bobby Google Saves"
"The Factory Kitchen","","","",ChIJKdvOsiTGwoAROdFrQHvqplE,2,"Instagram backfill - AI-assisted search approved by Bobby"
"The Framing House Design","Central LA","eat","",ChIJFeM81ArHwoAR9SNjAxInqOQ,1,"Bobby Google Saves"
"The Framing House Design","","","",ChIJFeM81ArHwoAR9SNjAxInqOQ,2,"Instagram backfill - AI-assisted search approved by Bobby"
"The Italian Deli Co.","","","",ChIJDRr7EADDwoARWHde6ATKIQs,2,"Instagram backfill - AI-assisted search approved by Bobby"
"The Italian Deli Co.","Pasadena","eat","",ChIJDRr7EADDwoARWHde6ATKIQs,1,"Bobby Google Saves"
"The Living Room","South Los Angeles","eat","",ChIJS5wbZE-4woARBY_Nm0cG4aA,1,"Bobby Google Saves"
"The Living Room","","","",ChIJS5wbZE-4woARBY_Nm0cG4aA,2,"Instagram backfill - AI-assisted search approved by Bobby"
"The MEETING SPOT","South Los Angeles","eat","",ChIJXwhVbgC3woARkXQPlQYCoPI,1,"Bobby Google Saves"
"The MEETING SPOT","","","",ChIJXwhVbgC3woARkXQPlQYCoPI,2,"Instagram backfill - AI-assisted search approved by Bobby"
"The Mulberry LA","Sawtelle","drinks","",ChIJvbXCwSC7woARm0oGgY3osgM,1,"Bobby Google Saves"
"The Mulberry LA","","","",ChIJvbXCwSC7woARm0oGgY3osgM,2,"Instagram backfill - AI-assisted search approved by Bobby"
"The Original Rinaldi's Deli and Cafe","Westchester","coffee","",ChIJ78I4KCuxwoARHSa7NvgNKxY,1,"Bobby Google Saves"
"The Original Rinaldi's Deli and Cafe","","","",ChIJ78I4KCuxwoARHSa7NvgNKxY,2,"Instagram backfill - AI-assisted search approved by Bobby"
"The Palms","Mar Vista","eat","",ChIJpVYbKUy6woARHSurHU0hpGw,1,"Bobby Google Saves"
"The Palms","","","",ChIJpVYbKUy6woARHSurHU0hpGw,2,"Instagram backfill - AI-assisted search approved by Bobby"
"The Paramour Estate","Silver Lake","stay","",ChIJt11h7zbHwoARqkvd5P19BzQ,1,"Bobby Google Saves"
"The Paramour Estate","","","",ChIJt11h7zbHwoARqkvd5P19BzQ,2,"Instagram backfill - AI-assisted search approved by Bobby"
"The Pig and The Lady","Kaimuki","eat","",ChIJf_g4jXNuAHwRxwKtprB4Ojw,1,"Bobby Google Saves"
"The Pig and The Lady","","","",ChIJf_g4jXNuAHwRxwKtprB4Ojw,2,"Instagram backfill - AI-assisted search approved by Bobby"
"The Rooster","Pico-Robertson","eat","",ChIJNy9rZYa5woARVbJF2_h40Fk,1,"Bobby Google Saves"
"The Rooster","","","",ChIJNy9rZYa5woARVbJF2_h40Fk,2,"Instagram backfill - AI-assisted search approved by Bobby"
"The Rose Venice","Venice","bakery","",ChIJl54_As-6woARoSxAAI2CKdA,1,"Bobby Google Saves"
"The Rose Venice","","","",ChIJl54_As-6woARoSxAAI2CKdA,2,"Instagram backfill - AI-assisted search approved by Bobby"
"The Seafood Shop Gourmet & Charcuterie","","","",ChIJlWqIZfWVwoARLDMVbOF_5Xo,2,"Instagram backfill - AI-assisted search approved by Bobby"
"The Seafood Shop Gourmet & Charcuterie","North Hollywood","purveyors","",ChIJlWqIZfWVwoARLDMVbOF_5Xo,1,"Bobby Google Saves"
"The Slate Hotel Denver Downtown, Tapestry by Hilton","Central Business District","eat","",ChIJH391Erx5bIcRYh2sCwbkgN4,1,"Bobby Google Saves"
"The Slate Hotel Denver Downtown, Tapestry by Hilton","","","",ChIJH391Erx5bIcRYh2sCwbkgN4,2,"Instagram backfill - AI-assisted search approved by Bobby"
"The Way We Wore","","","",ChIJ35eBeq1ZwokR1lTp8AlL6SU,2,"Instagram backfill - AI-assisted search approved by Bobby"
"The Way We Wore","Central LA","eat","",ChIJ35eBeq1ZwokR1lTp8AlL6SU,1,"Bobby Google Saves"
"The Wolf's Tailor","","","",ChIJgZlxHYt4bIcRbUoKhywj5CE,2,"Instagram backfill - AI-assisted search approved by Bobby"
"The Wolf's Tailor","Northwest","eat","",ChIJgZlxHYt4bIcRbUoKhywj5CE,1,"Bobby Google Saves"
"Tienda de Quesos y Vinos Los Globos","","","",ChIJ3_dG2TTs2IARMYSTTDq0JSA,2,"Instagram backfill - AI-assisted search approved by Bobby"
"Tienda de Quesos y Vinos Los Globos","Villa de Ju√°rez","eat","",ChIJ3_dG2TTs2IARMYSTTDq0JSA,1,"Bobby Google Saves"
"Tilda","Echo Park","Wine Bar","",ChIJTb-MURDHwoARtgFst_c5ul8,1,"Bobby Google Saves"
"Tilda","","","",ChIJTb-MURDHwoARtgFst_c5ul8,2,"Instagram backfill - AI-assisted search approved by Bobby"
"Tito‚Äôs Tacos","Clarkdale","eat","",ChIJD7h1FD-6woARYzcOU-WVg3Y,1,"Bobby Google Saves"
"Tito‚Äôs Tacos","","","",ChIJD7h1FD-6woARYzcOU-WVg3Y,2,"Instagram backfill - AI-assisted search approved by Bobby"
"Toranj Restaurant","Westwood","eat","",ChIJNdnGdTO9woAR1Yj8a8erE3A,1,"Bobby Google Saves"
"Toranj Restaurant","","","",ChIJNdnGdTO9woAR1Yj8a8erE3A,2,"Instagram backfill - AI-assisted search approved by Bobby"
"TOSHI SUSHI","","","",ChIJRZkF0nu1woAReSjHSEnJq9U,2,"Instagram backfill - AI-assisted search approved by Bobby"
"TOSHI SUSHI","Gardena","eat","",ChIJRZkF0nu1woAReSjHSEnJq9U,1,"Bobby Google Saves"
"Tripp Burgers","Westside Village","eat","",ChIJuT31cKO7woARgoM27ir-H60,1,"Bobby Google Saves"
"Tripp Burgers","","","",ChIJuT31cKO7woARgoM27ir-H60,2,"Instagram backfill - AI-assisted search approved by Bobby"
"Twelves","East Village","eat","",ChIJo06AgcYx3YARjEmh0avGXmA,1,"Bobby Google Saves"
"Twelves","","","",ChIJo06AgcYx3YARjEmh0avGXmA,2,"Instagram backfill - AI-assisted search approved by Bobby"
"Two Homm√©s","Inglewood","eat","",ChIJE2iu8PyxwoAR0xugqezXqWQ,1,"Bobby Google Saves"
"Two Homm√©s","","","",ChIJE2iu8PyxwoAR0xugqezXqWQ,2,"Instagram backfill - AI-assisted search approved by Bobby"
"UCLA Mathias Botanical Garden","Westwood","nature","",ChIJfwjI14C8woARd8bd-g1DUCk,1,"Bobby Google Saves"
"UCLA Mathias Botanical Garden","","","",ChIJfwjI14C8woARd8bd-g1DUCk,2,"Instagram backfill - AI-assisted search approved by Bobby"
"UKA","Central LA","eat","",ChIJFyxQKCO_woARf6OMJ9ZWJNg,1,"Bobby Google Saves"
"UKA","","","",ChIJFyxQKCO_woARf6OMJ9ZWJNg,2,"Instagram backfill - AI-assisted search approved by Bobby"
"Uncle Bill's Pancake House","Manhattan Beach","eat","",ChIJd8iiiuuzwoARB1aI8rL4q6M,1,"Bobby Google Saves"
"Uncle Bill's Pancake House","","","",ChIJd8iiiuuzwoARB1aI8rL4q6M,2,"Instagram backfill - AI-assisted search approved by Bobby"
"Uncle Bill's Pancake House","","","",ChIJd8iiiuuzwoARB1aI8rL4q6M,2,"Multi-source editorial (Eater, Infatuation, LA Times)"
"Uncle Mac‚Äôs Kitchen","","","",ChIJyddTd6a1woARFMNxoxr1ilw,2,"Instagram backfill - AI-assisted search approved by Bobby"
"Uncle Mac‚Äôs Kitchen","Gardena","eat","",ChIJyddTd6a1woARFMNxoxr1ilw,1,"Bobby Google Saves"
"Union Restaurant","","","",ChIJ6bJimnHDwoARLVTrXTHBoVY,2,"Instagram backfill - AI-assisted search approved by Bobby"
"Union Restaurant","Old Pasadena","eat","",ChIJ6bJimnHDwoARLVTrXTHBoVY,1,"Bobby Google Saves"
"UOVO | Pasadena","","","",ChIJdXI9qFXDwoAR-xXkq3R8390,2,"Instagram backfill - AI-assisted search approved by Bobby"
"UOVO | Pasadena","Pasadena","eat","",ChIJdXI9qFXDwoAR-xXkq3R8390,1,"Bobby Google Saves"
"US Thai Cafe","","","",ChIJTy3FFWuHa4cRDIbUxVpcLF0,2,"Instagram backfill - AI-assisted search approved by Bobby"
"US Thai Cafe","Edgewater","coffee","",ChIJTy3FFWuHa4cRDIbUxVpcLF0,1,"Bobby Google Saves"
"Valle Omakase by Chef Quindere","Ejido El Porvenir","eat","",ChIJSzvhabr72IAROHQM_HROGE8,1,"Bobby Google Saves"
"Valle Omakase by Chef Quindere","","","",ChIJSzvhabr72IAROHQM_HROGE8,2,"Instagram backfill - AI-assisted search approved by Bobby"
"Vendome Wines & Spirits","","","",ChIJy9p8wSS-woARIShtakb2gFY,2,"Instagram backfill - AI-assisted search approved by Bobby"
"Vendome Wines & Spirits","North Hollywood","eat","",ChIJy9p8wSS-woARIShtakb2gFY,1,"Bobby Google Saves"
"Veronica's Kitchen - The Fufuland","Inglewood","eat","",ChIJR414OBm3woARKxw-Qh-b9S4,1,"Bobby Google Saves"
"Veronica's Kitchen - The Fufuland","","","",ChIJR414OBm3woARKxw-Qh-b9S4,2,"Instagram backfill - AI-assisted search approved by Bobby"
"Wagyu Butcher Japanese BBQ","Northeast Torrance","purveyors","",ChIJXYKAbN-1woAREE2yYfb5IdM,1,"Bobby Google Saves"
"Wagyu Butcher Japanese BBQ","","","",ChIJXYKAbN-1woAREE2yYfb5IdM,2,"Instagram backfill - AI-assisted search approved by Bobby"
"Wah Sing Dim Sum","San Gabriel","eat","",ChIJY6r-Az7bwoARaSUOvs0RMS0,1,"Bobby Google Saves"
"Wah Sing Dim Sum","","","",ChIJY6r-Az7bwoARaSUOvs0RMS0,2,"Instagram backfill - AI-assisted search approved by Bobby"
"West 62nd Street","","","",ChIJmwZebdi3woAR9gEwOBs_Q6c,2,"Instagram backfill - AI-assisted search approved by Bobby"
"West 62nd Street","South Los Angeles","eat","",ChIJmwZebdi3woAR9gEwOBs_Q6c,1,"Bobby Google Saves"
"Whole Foods Market","Downtown Los Angeles","purveyors","",ChIJk2wKz7XHwoARxvQQWiJGyok,1,"Bobby Google Saves"
"Whole Foods Market","","","",ChIJk2wKz7XHwoARxvQQWiJGyok,2,"Instagram backfill - AI-assisted search approved by Bobby"
"Wilson Harding Driving Range","Griffith Park","eat","",ChIJsbHebaHBwoARXpY-64Z2ffc,1,"Bobby Google Saves"
"Wilson Harding Driving Range","","","",ChIJsbHebaHBwoARXpY-64Z2ffc,2,"Instagram backfill - AI-assisted search approved by Bobby"
"Xiang La Hui","","","",ChIJd20UDVbFwoARr4QJI_orW0Q,2,"Instagram backfill - AI-assisted search approved by Bobby"
"Xiang La Hui","Alhambra","eat","",ChIJd20UDVbFwoARr4QJI_orW0Q,1,"Bobby Google Saves"
"XUNTOS","","","",ChIJkaE_wR-lwoARJmJ-YudPXTE,2,"Instagram backfill - AI-assisted search approved by Bobby"
"XUNTOS","Downtown","drinks","",ChIJkaE_wR-lwoARJmJ-YudPXTE,1,"Bobby Google Saves"
"Yang's Kitchen","Alhambra","eat","",ChIJBczrbxHFwoARl0fbvAOnGME,1,"Bobby Google Saves"
"Yang's Kitchen","","","",ChIJBczrbxHFwoARl0fbvAOnGME,2,"Instagram backfill - AI-assisted search approved by Bobby"
"Yongsusan Restaurant","","","",ChIJbUuYUYLHwoARCMxYI_5enJs,2,"Instagram backfill - AI-assisted search approved by Bobby"
"Yongsusan Restaurant","Koreatown","eat","",ChIJbUuYUYLHwoARCMxYI_5enJs,1,"Bobby Google Saves"
"Yunomi Handroll","","","",ChIJSXug65vHwoARL7woRsKWBV0,2,"Multi-source editorial (Infatuation, Eater, Time Out, Viva The Valley)"
"Yunomi Handroll","Downtown Los Angeles","eat","",ChIJSXug65vHwoARL7woRsKWBV0,1,"Bobby Google Saves"
"Yunomi Handroll","","","",ChIJSXug65vHwoARL7woRsKWBV0,2,"Instagram backfill - AI-assisted search approved by Bobby"
"Âá±ÊÇ¶ Grand Harbor","Temple City","eat","",ChIJI-PkmvvawoARlcLnArj4Jm0,1,"Bobby Google Saves"
"Âá±ÊÇ¶ Grand Harbor","","","",ChIJI-PkmvvawoARlcLnArj4Jm0,2,"Instagram backfill - AI-assisted search approved by Bobby"
"ÊàêÈÉΩÊò†Ë±° Chengdu Impression","Arcadia","eat","",ChIJ-Ve9tMLbwoARjW7Le7ZsEjY,1,"Bobby Google Saves"
"ÊàêÈÉΩÊò†Ë±° Chengdu Impression","","","",ChIJ-Ve9tMLbwoARjW7Le7ZsEjY,2,"Instagram backfill - AI-assisted search approved by Bobby"
"Ê±üÊà∏ÂâçÈÆ® „êÇÊâá Sushi Kisen","","","",ChIJAxmyMojbwoARQDN6CvMHYCo,2,"Instagram backfill - AI-assisted search approved by Bobby"
"Ê±üÊà∏ÂâçÈÆ® „êÇÊâá Sushi Kisen","Arcadia","eat","",ChIJAxmyMojbwoARQDN6CvMHYCo,1,"Bobby Google Saves"