Name,Neighborhood,Category,Address,GooglePlaceID
"1200 Rosecrans Ave #101","Manhattan Beach","eat","",ChIJWxHnpvizwoAR3cVIiAUBFbk
"1200 Rosecrans Ave #101","","","",ChIJWxHnpvizwoAR3cVIiAUBFbk
"12249 Venice Blvd.","Mar Vista","eat","",ChIJH1oLbVy6woARmKoEisoy-ao
"1642","","","",ChIJtfpJdgbHwoARMPA3laMKsAI
"1642","Westlake","Wine Bar","",ChIJtfpJdgbHwoARMPA3laMKsAI
"1850 Academy Rd","Elysian Park","eat","",EisxODUwIEFjYWRlbXkgUmQsIExvcyBBbmdlbGVzLCBDQSA5MDAxMiwgVVNBIjESLwoUChIJ7f2w2OTGwoARbQuZneCHIXcQug4qFAoSCSn2YFnlxsKAEflWfACFCVhC
"1850 Academy Rd","","","",EisxODUwIEFjYWRlbXkgUmQsIExvcyBBbmdlbGVzLCBDQSA5MDAxMiwgVVNBIjESLwoUChIJ7f2w2OTGwoARbQuZneCHIXcQug4qFAoSCSn2YFnlxsKAEflWfACFCVhC
"2425 Daly St","Lincoln Heights","eat","",ChIJ3Uy9Zn3GwoAR1S0GNCqzN3Y
"2425 Daly St","","","",ChIJ3Uy9Zn3GwoAR1S0GNCqzN3Y
"2633 E Cesar E Chavez Ave","","","",ChIJh_9_FP3FwoARxXM2voNmsxw
"2633 E Cesar E Chavez Ave","Central LA","eat","",ChIJh_9_FP3FwoARxXM2voNmsxw
"3214 Glendale Blvd","Northeast Los Angeles","eat","",ChIJG0M8stvAwoARQ3pnsmVuaVs
"3214 Glendale Blvd","","","",ChIJG0M8stvAwoARQ3pnsmVuaVs
"3250 W Olympic Blvd","Central LA","eat","",ChIJdW3Og4e4woAR5D8mKi4vyUs
"3250 W Olympic Blvd","","","",ChIJdW3Og4e4woAR5D8mKi4vyUs
"5150 Hollywood Blvd","East Hollywood","eat","",ChIJO5-D_Fa_woAR9lhITdRE2bw
"5150 Hollywood Blvd","","","",ChIJO5-D_Fa_woAR9lhITdRE2bw
"5200 Monte Vista St","","","",ChIJ16VZuxzEwoAR1kpz_PQx_vE
"5200 Monte Vista St","Highland Park","eat","",ChIJ16VZuxzEwoAR1kpz_PQx_vE
"5th Street","Central LA","eat","",ChIJtXNObTrGwoARYcpIBbkUuvw
"715","Downtown Los Angeles","eat","",ChIJyweGFPLHwoAR2CIY63KgPqU
"715","","","",ChIJyweGFPLHwoAR2CIY63KgPqU
"718 Highland Ave","Central LA","eat","",ChIJX81bPNO4woARJlGl91N_jRI
"718 Highland Ave","","","",ChIJX81bPNO4woARJlGl91N_jRI
"88 pocha","Gardena","eat","",ChIJy_EHD461woARqGpoPsbyPsg
"888 Seafood Restaurant","Rosemead","eat","",ChIJVca3ayfbwoARvTN4LEHGTxs
"A&J seafood shack","Eastside","eat","",ChIJfc93S_sx3YARMFMzqKUVQ5s
"Abbot's Pizza Company","Venice","eat","",ChIJcaqDn7-6woARNn2eauKOKSc
"Ackee Bamboo Jamaican Cuisine","Beverlywood","eat","",ChIJO4T2nCe4woAR0BRcELOWHt8
"Agnes Restaurant & Cheesery","South Arroyo","eat","",ChIJHX5Is3zDwoAR-tMO5OyIYZY
"Al & Bea's Mexican Food","Central LA","eat","",ChIJmTx7eg_GwoARCLmjG4eA23A
"Al-Noor Indian Pakistani Halal","Lawndale","eat","",ChIJAQwReke0woARYAIAJsMoI-g
"Amour Weho","Central LA","eat","",ChIJz-CCE6-_woARvS6Uz_1UgyA
"Angry Egret Dinette","Central LA","eat","",ChIJ9z196HbHwoARPqdTjGQJ-4Y
"Annette Street","Mount Washington","eat","",ChIJ6ZgTV7fGwoARNdB3DYX-CYA
"As de Guia Gastrofonda","Zona Centro","eat","",ChIJ8-FrzdST2IAReOO3epZ7QKU
"Atlantic Seafood and Dim Sum","Monterey Park","eat","",ChIJQ8DLvEPFwoARd5wfbRi1UEg
"Au Fauna","Pasadena","eat","",ChIJHzYR2G7DwoARSjGzmwr9XUA
"Aunty Maile's Hawaiian Restaurant","Harbor","eat","",ChIJI-IfThnLwoAReCE-R9Y3Rdw
"Azay","Downtown Los Angeles","eat","",ChIJUYrvvHDHwoARB1japW6bsvo
"baby battista","Northeast Los Angeles","eat","",ChIJzwlguwjBwoARR62_slYIMl4
"Baja Cantina","Venice","eat","",ChIJBym2lKK6woARa6L3E6wYRaY
"Baja Subs Market & Deli","Northridge","purveyors","",ChIJoUefmK2bwoARMQzl_Y6VKfE
"Banadir Somali Restaurant","Inglewood","eat","",ChIJk069ofy2woARnugK5TYbZns
"Beckon","Five Points","eat","",ChIJQ_9Q0DJ5bIcRbDAIulshVuY
"Beckon","","","",ChIJQ_9Q0DJ5bIcRbDAIulshVuY
"Beethoven Market","","","",ChIJlwU_uvC6woAR9hXvi7zlRSg
"Beethoven Market","Mar Vista","purveyors","",ChIJlwU_uvC6woAR9hXvi7zlRSg
"Belizean Fish Market","South Los Angeles","purveyors","",ChIJ11w60nK4woARd0i6OLGVLWk
"Belizean Fish Market","","","",ChIJ11w60nK4woARd0i6OLGVLWk
"Betsy","Altadena","eat","",ChIJyROYYDXDwoARx_7TxDXZi6Q
"Bicyclette","Pico-Robertson","eat","",ChIJu5Y0uG67woARvE5Nmmmtv_0
"BiergartenLA - Koreatown","Koreatown","nature","",ChIJTadY5KK4woARkfH2Cf-o6Kc
"Big Ma's Kitchen","","","",ChIJmbFNBQDRwoARSVBb1yuzaKo
"Big Ma's Kitchen","Garvey","eat","",ChIJmbFNBQDRwoARSVBb1yuzaKo
"Billionaire Burger Boyz","Central LA","eat","",ChIJ7_zXz6zLwoARqPUCbSpnAq4
"Blossom Market Hall","San Gabriel","purveyors","",ChIJNYfgeWTbwoAR5w88nWidWdk
"Blossom Market Hall","","","",ChIJNYfgeWTbwoAR5w88nWidWdk
"Bodega Los Alamos","","","",ChIJI3YloS8F7IARjmUOKtofEyw
"Bodega Los Alamos","Los Alamos","eat","",ChIJI3YloS8F7IARjmUOKtofEyw
"Bon Temps","Downtown Los Angeles","eat","",ChIJi-MAKFjHwoARol5fmX26Xdo
"Bridgetown Roti","East Hollywood","eat","",ChIJne7Az-rHwoARQhCf1NoVpsY
"Broad Street Oyster Company","Downtown Los Angeles","eat","",ChIJA6M_-57HwoAR7WCXivxedIg
"Broken Spanish Comedor","Culver - West","eat","",ChIJT5qhfGq7woARIoAJkiUAYAI
"Broome St. General Store","Silver Lake","shop","",ChIJd_gMmc7AwoAR7nTNIiedNq8
"BRUTO","Ballpark District","eat","",ChIJabPzMvx5bIcRuR-TMXhM1xQ
"BRUTO","","","",ChIJabPzMvx5bIcRuR-TMXhM1xQ
"Bunkado","","","",ChIJdXcI6UfGwoARraVwugjH_EA
"Bunkado","Downtown Los Angeles","eat","",ChIJdXcI6UfGwoARraVwugjH_EA
"Burritos La Palma","El Monte","eat","",ChIJxztAvPDZwoARUKqI04RO2uE
"Burritos La Palma","","","",ChIJxztAvPDZwoARUKqI04RO2uE
"BusterPro Tennis","","","",ChIJIRJIYl-7woARrGyWRtFkPMs
"BusterPro Tennis","Brentwood","eat","",ChIJIRJIYl-7woARrGyWRtFkPMs
"Cafe Brasil","","","",ChIJiTO4Zmu6woARQlFhLHypBlk
"Cafe Brasil","Culver - West","coffee","",ChIJiTO4Zmu6woARQlFhLHypBlk
"Caf√© Haleiwa","","","",ChIJ_cU8f8NfAHwRLvbpmTPs87s
"Caf√© Haleiwa","North Shore","eat","",ChIJ_cU8f8NfAHwRLvbpmTPs87s
"CAF√â TRISTE","Central LA","eat","",ChIJ73hyWfbHwoAR3OQuokZzo2M
"CAF√â TRISTE","","","",ChIJ73hyWfbHwoAR3OQuokZzo2M
"Camphor","","","",ChIJNW1lfmzHwoARxzp7unjgv-0
"Camphor","Downtown Los Angeles","eat","",ChIJNW1lfmzHwoARxzp7unjgv-0
"Capital Dim Sum & BBQ","Monterey Park","eat","",ChIJFVTNA13FwoARKVMsmhJZP5g
"Capital Dim Sum & BBQ","","","",ChIJFVTNA13FwoARKVMsmhJZP5g
"Capital Seafood, Monterey Park","Monterey Park","nature","",ChIJk-6gEWDFwoARrNY5QouRCjE
"Captain Kidd's Fish Market & Restaurant","South Redondo","purveyors","",ChIJfWsLeqC0woARoOS54MfSZLc
"Captain Kidd's Fish Market & Restaurant","","","",ChIJfWsLeqC0woARoOS54MfSZLc
"Carlitos Gardel Argentine Steakhouse","Melrose","eat","",ChIJSfKeA8y-woARpP7lY4htzZk
"Carlitos Gardel Argentine Steakhouse","","","",ChIJSfKeA8y-woARpP7lY4htzZk
"Carnes Asadas Pancho Lopez, Mexican Food in Los Angeles CA üá≤üáΩ","Lincoln Heights","eat","",ChIJU5QfL6LHwoARElU2Bdi-hLY
"Carnes Asadas Pancho Lopez, Mexican Food in Los Angeles CA üá≤üáΩ","","","",ChIJU5QfL6LHwoARElU2Bdi-hLY
"Carnitas El Artista","Inglewood","eat","",ChIJE-a5Sey2woARIOmT8DcN7fo
"Carnitas El Artista","","","",ChIJE-a5Sey2woARIOmT8DcN7fo
"Carnitas el Momo","","","",ChIJecqMJuLFwoARkvNfe3NHxek
"Carnitas el Momo","Monterey Park","eat","",ChIJecqMJuLFwoARkvNfe3NHxek
"Carnitas El Momo","","","",ChIJecqMJuLFwoARkvNfe3NHxek
"Cassell's Hamburgers","Koreatown","eat","",ChIJF5CBt4K4woARq2aAD8eq4Wc
"Cassell's Hamburgers","","","",ChIJF5CBt4K4woARq2aAD8eq4Wc
"CH Y La Birria","","","",ChIJL7t4BM_LwoARLFGh84t0Yl4
"CH Y La Birria","Compton","eat","",ChIJL7t4BM_LwoARLFGh84t0Yl4
"Cha Cha Chicken","Ocean Park","eat","",ChIJKfOrltWkwoARFY0_8tyG-rI
"Cha Cha Chicken","","","",ChIJKfOrltWkwoARFY0_8tyG-rI
"Cheaper by the Dozen House","Central LA","eat","",ChIJ7djZNAC5woARVhldJ8DR6hE
"Cheaper by the Dozen House","","","",ChIJ7djZNAC5woARVhldJ8DR6hE
"Chef Tony","Arcadia","eat","",ChIJ8ahcKprbwoAR1Z8H2eRvy20
"Chez Maggy","","","",ChIJS96maGJ5bIcRJRI1kCMY45Q
"Chez Maggy","Central","eat","",ChIJS96maGJ5bIcRJRI1kCMY45Q
"Chifa ÂúãÂÅâ","Northeast Los Angeles","eat","",ChIJIU8Bc0_BwoAROGY7LCFmwak
"Chifa ÂúãÂÅâ","","","",ChIJIU8Bc0_BwoAROGY7LCFmwak
"Chong Qing Special Noodles","San Gabriel","eat","",ChIJ-7B5Vd7awoART5RmRyS4DLI
"Chong Qing Special Noodles","","","",ChIJ-7B5Vd7awoART5RmRyS4DLI
"Chong Qing YaoMei Hotpot","South Arroyo","eat","",ChIJtTEoRlrDwoARWq8fn2pFaXU
"Chong Qing YaoMei Hotpot","","","",ChIJtTEoRlrDwoARWq8fn2pFaXU
"CJ's Cafe","","","",ChIJy36g3Le5woAREFv1CuWpk2U
"CJ's Cafe","South Los Angeles","coffee","",ChIJy36g3Le5woAREFv1CuWpk2U
"Claro's Italian Market","","","",ChIJPajfY5bawoARjeU-5QOII4U
"Claro's Italian Market","San Gabriel","purveyors","",ChIJPajfY5bawoARjeU-5QOII4U
"Claro's Italian Markets","","","",ChIJMbq1tcLbwoARJTrSXqHsfq4
"Claro's Italian Markets","Arcadia","eat","",ChIJMbq1tcLbwoARJTrSXqHsfq4
"Colette Pasadena ‰∫∫ÁîüÂ¶ÇÊàè","Hastings Ranch","eat","",ChIJi2XJf4jcwoARuE66qcjm-SU
"Colette Pasadena ‰∫∫ÁîüÂ¶ÇÊàè","","","",ChIJi2XJf4jcwoARuE66qcjm-SU
"Colori Kitchen","Central LA","eat","",ChIJQeJFkLXHwoARzhW_GUAiBio
"Colori Kitchen","","","",ChIJQeJFkLXHwoARzhW_GUAiBio
"Combo A","Echo Park","eat","",ChIJB9tHQxzHwoARw-zgu8SFLXo
"Combo A","","","",ChIJB9tHQxzHwoARw-zgu8SFLXo
"Common Wave HiFi","","","",ChIJA4HtJQvHwoAR5e60mCEzzes
"Common Wave HiFi","Central LA","eat","",ChIJA4HtJQvHwoAR5e60mCEzzes
"Compton's Original Seafood & Chicken","Compton","eat","",ChIJiS32w0_LwoARewPDXEV2l_4
"Compton's Original Seafood & Chicken","","","",ChIJiS32w0_LwoARewPDXEV2l_4
"Coni‚ÄôSeafood","","","",ChIJFx55nHq2woARJOWFnj7bnDE
"Coni‚ÄôSeafood","Inglewood","eat","",ChIJFx55nHq2woARJOWFnj7bnDE
"Creekside Park","Walnut","nature","",ChIJVyNuxSwqw4ARkD4L5pjq2D0
"Creekside Park","","","",ChIJVyNuxSwqw4ARkD4L5pjq2D0
"Creekside Village","Calabasas","shop","",ChIJdZCo9cYg6IARYFg_0XiIyKE
"Creekside Village","","","",ChIJdZCo9cYg6IARYFg_0XiIyKE
"Crenshaw Juice Co.","","","",ChIJ_QitLNy5woAR2-GXyQJxAUI
"Crenshaw Juice Co.","South Los Angeles","eat","",ChIJ_QitLNy5woAR2-GXyQJxAUI
"Crossroads Kitchen","","","",ChIJhZy9Gba-woARQLEEpEN46uw
"Crossroads Kitchen","Melrose","eat","",ChIJhZy9Gba-woARQLEEpEN46uw
"Crudo e Nudo","","","",ChIJlUEcjcS7woAR2LfLzj32DoM
"Crudo e Nudo","Ocean Park","drinks","",ChIJlUEcjcS7woAR2LfLzj32DoM
"Crustees","","","",ChIJQV42vXC3woARZOb7IyDsdQY
"Crustees","South Los Angeles","eat","",ChIJQV42vXC3woARZOb7IyDsdQY
"CVS","","","",ChIJL0ipDCaYwoARIDinkjt2Ih0
"CVS","Encino","shop","",ChIJL0ipDCaYwoARIDinkjt2Ih0
"Darya Restaurant","","","",ChIJh-hsb0K7woARBZndLFELEKc
"Darya Restaurant","Sawtelle","eat","",ChIJh-hsb0K7woARBZndLFELEKc
"Dha Rae Oak","Central LA","eat","",ChIJE4V_cn24woARWMvbbXPqXgw
"Dha Rae Oak","","","",ChIJE4V_cn24woARWMvbbXPqXgw
"Dim Sum Box","","","",ChIJc6sdf7vbwoAR7F2eRWgnMZ4
"Dim Sum Box","San Gabriel","eat","",ChIJc6sdf7vbwoAR7F2eRWgnMZ4
"Dio Mio","","","",ChIJI4KvKhp5bIcRWzWjv3llyWY
"Dio Mio","Five Points","eat","",ChIJI4KvKhp5bIcRWzWjv3llyWY
"Ditroit Taqueria","Downtown Los Angeles","eat","",ChIJ7ZsyRInHwoARHeKk2NzYgo0
"Ditroit Taqueria","","","",ChIJ7ZsyRInHwoARHeKk2NzYgo0
"Don Abel","South Montebello","eat","",ChIJmSDf9KXPwoARj0BYd893tXI
"Don Abel","","","",ChIJmSDf9KXPwoARj0BYd893tXI
"Donlevy, Estess & Lohiya Oral & Maxillofacial Surgery Group in Los Angeles","Westchester","eat","",ChIJuyjOB82wwoARjpiZ2NQmfUA
"Donlevy, Estess & Lohiya Oral & Maxillofacial Surgery Group in Los Angeles","","","",ChIJuyjOB82wwoARjpiZ2NQmfUA
"Double Needle Denim Repair","Highland Park","eat","",ChIJGzrNYwzEwoARRnlytSi9_4Q
"Double Needle Denim Repair","","","",ChIJGzrNYwzEwoARRnlytSi9_4Q
"Dr. Rainier A. Manzanilla, MD","","","",ChIJY1p3mQ3GwoARL3w_EMfaG6k
"Dr. Rainier A. Manzanilla, MD","Central LA","eat","",ChIJY1p3mQ3GwoARL3w_EMfaG6k
"DRIVER","","","",ChIJ-1ddCc6kfwQRSdXDGG135E8
"Duchess","","","",ChIJ29FAXZHHwoARqevJxFj4jCU
"Duchess","Downtown Los Angeles","eat","",ChIJ29FAXZHHwoARqevJxFj4jCU
"Dudley Market","","","",ChIJZ_afsM66woARNjQ8STDWIhs
"Dudley Market","Venice","purveyors","",ChIJZ_afsM66woARNjQ8STDWIhs
"Dulan's On Crenshaw","","","",ChIJ8XK86I63woARr8aszMpIvGk
"Dulan's On Crenshaw","South Los Angeles","eat","",ChIJ8XK86I63woARr8aszMpIvGk
"Dumpling House","Koreatown","eat","",ChIJGXwtb2THwoAR_MhWomlJzTA
"Dumpling House","","","",ChIJGXwtb2THwoAR_MhWomlJzTA
"Earle's On Crenshaw","South Los Angeles","eat","",ChIJfzqZfze4woARnrC4q63-YDY
"Eatalian","Gardena","eat","",ChIJXyA2cYvKwoAR7pOW5ece-WA
"Eatalian","","","",ChIJXyA2cYvKwoAR7pOW5ece-WA
"El Chucho","","","",ChIJjyyKoPm7woARQmKXDc_jJhA
"El Chucho","Mar Vista","eat","",ChIJjyyKoPm7woARQmKXDc_jJhA
"El Huarique Venice","Venice","eat","",ChIJVyP89Le6woARpojYG5O96Ok
"El Huarique Venice","","","",ChIJVyP89Le6woARpojYG5O96Ok
"El Prado","","","",ChIJa-yZkxvHwoARF8aDKibbOtw
"El Prado","Echo Park","eat","",ChIJa-yZkxvHwoARF8aDKibbOtw
"El Ruso #1","","","",ChIJ-URtEy_PwoARpHuRchShY4Q
"El Ruso #1","Central LA","eat","",ChIJ-URtEy_PwoARpHuRchShY4Q
"El Sazon Oaxaqueno","Mar Vista","eat","",ChIJpXvkBmi6woARXOgrzfEEuI0
"El Sazon Oaxaqueno","","","",ChIJpXvkBmi6woARXOgrzfEEuI0
"El Tepeyac Cafe","","","",ChIJMRRbJPvFwoARFIb4YmkxfrY
"El Tepeyac Cafe","","","",ChIJMRRbJPvFwoARFIb4YmkxfrY
"El Tepeyac Cafe","Central LA","coffee","",ChIJMRRbJPvFwoARFIb4YmkxfrY
"Electric Bleu","","","",ChIJbyaCjJC7woAR_xvFzbIPxX8
"Electric Bleu","Mar Vista","eat","",ChIJbyaCjJC7woAR_xvFzbIPxX8
"Ellie's","Alamitos Beach","eat","",ChIJy3uWNBcx3YARyYgXmZovKVY
"Ellie's","","","",ChIJy3uWNBcx3YARyYgXmZovKVY
"Empress Harbor Seafood Restaurant","Monterey Park","eat","",ChIJo5obal3FwoARGk7oEDQWT1A
"Empress Harbor Seafood Restaurant","","","",ChIJo5obal3FwoARGk7oEDQWT1A
"Esp Guitar Co","","","",ChIJTUhaPbaVwoARl9scZ5Wkdf4
"Esp Guitar Co","Atwater Village","eat","",ChIJTUhaPbaVwoARl9scZ5Wkdf4
"Ethel's Grill","","","",ChIJfx5B2VxuAHwRQvhZNe-MRU8
"√àtra","","","",ChIJOYO2dCO5woARnV2xXAIO7X4
"√àtra","Central LA","eat","",ChIJOYO2dCO5woARnV2xXAIO7X4
"Evil Twin LA","Del Rey","eat","",ChIJRXkX_l27woARKLI_w3BM0vU
"Evil Twin LA","","","",ChIJRXkX_l27woARKLI_w3BM0vU
"Exotic Bonsai","East Hollywood","eat","",ChIJJQKN01zHwoARVY5OQs8P1j0
"Exotic Bonsai","","","",ChIJJQKN01zHwoARVY5OQs8P1j0
"Exposition Park Rose Garden","South Los Angeles","eat","",ChIJY4yAluLHwoAR7y--92aDHbQ
"Exposition Park Rose Garden","","","",ChIJY4yAluLHwoAR7y--92aDHbQ
"Fairmont Miramar Hotel & Bungalows","","","",ChIJBx8nTcSkwoAR1bDfXdfVf20
"Fairmont Miramar Hotel & Bungalows","Wilshire Montana","stay","",ChIJBx8nTcSkwoAR1bDfXdfVf20
"Father's Office","","","",ChIJraWfUYK5woARS-2eei5FyqA
"Father's Office","Mid-City","eat","",ChIJraWfUYK5woARS-2eei5FyqA
"Father's Office","","","",ChIJraWfUYK5woARS-2eei5FyqA
"Father's Office","Wilshire Montana","drinks","",ChIJraWfUYK5woARS-2eei5FyqA
"Fiesta Martin Mexican Grill","Inglewood","eat","",ChIJE35UfG23woARs6SDJKmlirw
"Fiesta Martin Mexican Grill","","","",ChIJE35UfG23woARs6SDJKmlirw
"Fisherman's Outlet","","","",ChIJSdzoiTrGwoARNH3kQNv_ODs
"Fisherman's Outlet","Downtown Los Angeles","eat","",ChIJSdzoiTrGwoARNH3kQNv_ODs
"Fishing with Dynamite","","","",ChIJx8Fqf-uzwoARNgjsQAO6kV0
"Fishing with Dynamite","","","",ChIJx8Fqf-uzwoARNgjsQAO6kV0
"Fishing With Dynamite","Manhattan Beach","eat","",ChIJx8Fqf-uzwoARNgjsQAO6kV0
"Fishing With Dynamite","","","",ChIJx8Fqf-uzwoARNgjsQAO6kV0
"Five Star Seafood Restaurant","","","",ChIJz4_oQLfawoAR06OPsxrCWjQ
"Five Star Seafood Restaurant","San Gabriel","eat","",ChIJz4_oQLfawoAR06OPsxrCWjQ
"Flavors from Afar","Hollywood","coffee","",ChIJ4bBUgAu5woARBXjZoiwNzCo
"Flavors from Afar","","","",ChIJ4bBUgAu5woARBXjZoiwNzCo
"Fukagawa","Gardena","eat","",ChIJk7eMYYK1woAR_pND4nYsju8
"Fukagawa","","","",ChIJk7eMYYK1woAR_pND4nYsju8
"Fyrebird","Gardena","eat","",ChIJgXF-seq1woARiVsc8GY9X6s
"Fyrebird","","","",ChIJgXF-seq1woARiVsc8GY9X6s
"Ggiata Delicatessen","Brentwood","eat","",ChIJU1fdR6u7woARyPXQ6KhJMCA
"Ggiata Delicatessen","","","",ChIJU1fdR6u7woARyPXQ6KhJMCA
"Ghisallo","Sunset Park","eat","",ChIJ8Q-vp7m7woARy0JPBCMyo9I
"Ghisallo","","","",ChIJ8Q-vp7m7woARy0JPBCMyo9I
"Ghost Pizza Kitchen","","","",ChIJXRWOjc2-woAR3gdF4i8i3fI
"Ghost Pizza Kitchen","Fairfax","eat","",ChIJXRWOjc2-woAR3gdF4i8i3fI
"Girl & the Goat Los Angeles","Downtown Los Angeles","eat","",ChIJXVodUFfHwoARe63Z7LSuUnY
"Girl & the Goat Los Angeles","","","",ChIJXVodUFfHwoARe63Z7LSuUnY
"Goldburger Los Feliz","Central LA","eat","",ChIJ1Rccb1zBwoARZvDzH8z9AR0
"Golden Burger Teriyaki","Westlake","eat","",ChIJx6pNFArHwoARJ_7hQTJpVEU
"Golden Burger Teriyaki","","","",ChIJx6pNFArHwoARJ_7hQTJpVEU
"Golden Deli San Gabriel","","","",ChIJlxh9yCrbwoARY2YFozO9D9U
"Golden Deli San Gabriel","San Gabriel","coffee","",ChIJlxh9yCrbwoARY2YFozO9D9U
"Good Clean Fun","Downtown Los Angeles","eat","",ChIJp6jJXTXHwoAR9LnnI4WV_EE
"Good Clean Fun","","","",ChIJp6jJXTXHwoAR9LnnI4WV_EE
"Good Stuff - Palos Verdes","","","",ChIJBV7NWpRL3YARqB6CNP-KPWg
"Good Stuff - Palos Verdes","Rolling Hills Estates","eat","",ChIJBV7NWpRL3YARqB6CNP-KPWg
"Gr√°","Westlake","eat","",ChIJ35H4d-fHwoARK-W7Ikwq5VU
"Gr√°","","","",ChIJ35H4d-fHwoARK-W7Ikwq5VU
"Gracie's Pizza","","","",ChIJXbVGoFnHwoARsfhdWOPI-i8
"Gracie's Pizza","East Hollywood","eat","",ChIJXbVGoFnHwoARsfhdWOPI-i8
"Gran Blanco","","","",ChIJU-eNypO7woARwJBY90BAuDI
"Gran Blanco","Venice","eat","",ChIJU-eNypO7woARwJBY90BAuDI
"Gravity Haus Denver Hotel","Highland","eat","",ChIJgz--PA55bIcR8HszE2avMP8
"Gravity Haus Denver Hotel","","","",ChIJgz--PA55bIcR8HszE2avMP8
"Gusto Bread","4th Street Corridor","bakery","",ChIJ48g1Fk8x3YARINyUvGM92D0
"Gusto Bread","","","",ChIJ48g1Fk8x3YARINyUvGM92D0
"Haleiwa Joe's Haiku Gardens","","","",ChIJK3Frma1rAHwR14f_NgsLLCs
"Haleiwa Joe's Haiku Gardens","Kaneohe","eat","",ChIJK3Frma1rAHwR14f_NgsLLCs
"Happy Harbor Seafood Restaurant Âá±ÊÇÖÂ§ßÈÖíÊ®ì","Rowland Heights","eat","",ChIJb5oTGloqw4ARpZCAmFnBB58
"Happy Harbor Seafood Restaurant Âá±ÊÇÖÂ§ßÈÖíÊ®ì","","","",ChIJb5oTGloqw4ARpZCAmFnBB58
"Happy Together ÂñúËñà","El Monte","eat","",ChIJj-beFtjbwoARAHGfg-HGXDE
"Happy Together ÂñúËñà","","","",ChIJj-beFtjbwoARAHGfg-HGXDE
"Harold & Belle's","","","",ChIJc29xTz-4woAR5txT9avOmac
"Harold & Belle's","South Los Angeles","eat","",ChIJc29xTz-4woAR5txT9avOmac
"Hasu Japanese Izakaya & Grill","","","",ChIJrbqzKmy1woARvgNkoRG1PUs
"Hasu Japanese Izakaya & Grill","Northeast Torrance","eat","",ChIJrbqzKmy1woARvgNkoRG1PUs
"Hatchet Hall","","","",ChIJ9bOUX2a6woARMexni9pIRdU
"Hatchet Hall","Culver - West","drinks","",ChIJ9bOUX2a6woARMexni9pIRdU
"Hawkins House of Burgers","South Los Angeles","eat","",ChIJzwDSzczLwoARijd1lUIzYqc
"Hawkins House of Burgers","","","",ChIJzwDSzczLwoARijd1lUIzYqc
"Heavy Handed","","","",ChIJy5dj4v67woARgIEvLD_SDPI
"Heavy Handed","Ocean Park","eat","",ChIJy5dj4v67woARgIEvLD_SDPI
"Heritage","Rose Park South","eat","",ChIJDcD184Qx3YARLeMltHfb8PU
"Heritage","","","",ChIJDcD184Qx3YARLeMltHfb8PU
"Hey Kiddo","Northwest","eat","",ChIJtXx1hZmHa4cRQGgpqy6OEpo
"Hey Kiddo","","","",ChIJtXx1hZmHa4cRQGgpqy6OEpo
"Hippo","","","",ChIJKfzc1hTFwoARglWDAZ2qTXA
"Hippo","Highland Park","eat","",ChIJKfzc1hTFwoARglWDAZ2qTXA
"Holcomb Street","","","",ChIJYUB8Nee7woARkmGgltl4KHM
"Holcomb Street","Beverlywood","eat","",ChIJYUB8Nee7woARkmGgltl4KHM
"Holy Basil Market","","","",ChIJf7L3TdvBwoARDeaXHZL10Jw
"Holy Basil Market","Northeast Los Angeles","purveyors","",ChIJf7L3TdvBwoARDeaXHZL10Jw
"Holy Basil Santa Monica","","","",ChIJ8-lbzSi7woARimpHDJfXchY
"Holy Basil Santa Monica","Mid-City","eat","",ChIJ8-lbzSi7woARimpHDJfXchY
"Homage Brewing","Central LA","eat","",ChIJQzatpaPHwoARUfPRURrOsJ4
"Homage Brewing","","","",ChIJQzatpaPHwoARUfPRURrOsJ4
"Hop Alley","Five Points","eat","",ChIJiz68dxp5bIcRnDG_uUVRVJw
"Hop Alley","","","",ChIJiz68dxp5bIcRnDG_uUVRVJw
"Hotel Las Rosas & Spa","","","",ChIJQfUdnBKT2IARb2I39SOlQhE
"Hotel Las Rosas & Spa","La Playita","stay","",ChIJQfUdnBKT2IARb2I39SOlQhE
"Il Sogno Deli","","","",ChIJ_9ljS0m5woARN6H34h_21Lo
"Il Sogno Deli","Central LA","eat","",ChIJ_9ljS0m5woARN6H34h_21Lo
"IMA","Beverly Hills","eat","",ChIJB7RMK8e9woARj0juQCDxUiI
"IMA","","","",ChIJB7RMK8e9woARj0juQCDxUiI
"Inaba Japanese Restaurant","Delthorne","eat","",ChIJx7NewtO0woARCEk05DbH2tA
"Inaba Japanese Restaurant","","","",ChIJx7NewtO0woARCEk05DbH2tA
"Izakaya Akatsuki","Harbor Gateway North","eat","",ChIJSdJyWSO1woARZKYJOPxJvhU
"Izakaya Akatsuki","","","",ChIJSdJyWSO1woARZKYJOPxJvhU
"J Zhou Oriental Cuisine","","","",ChIJGxHj4yHc3IAR6ZiuJfmRm3s
"J Zhou Oriental Cuisine","Tustin Legacy","eat","",ChIJGxHj4yHc3IAR6ZiuJfmRm3s
"Jackson Market and Deli","Carlson Park","purveyors","",ChIJwwKTXSa6woARDmIZa4cziME
"Jackson Market and Deli","","","",ChIJwwKTXSa6woARDmIZa4cziME
"Jade Wok","","","",ChIJmUad2VnGwoAR-x_TD_jDKXQ
"Jade Wok","Central LA","eat","",ChIJmUad2VnGwoAR-x_TD_jDKXQ
"Jar","Central LA","eat","",ChIJYxfmZzW5woAR5ZXA4iAzipQ
"Jar","","","",ChIJYxfmZzW5woAR5ZXA4iAzipQ
"Javan Restaurant","Sawtelle","eat","",ChIJbxUhwr67woARKwvV6v5W4cI
"Javan Restaurant","","","",ChIJbxUhwr67woARKwvV6v5W4cI
"Jeong Yuk Jeom Korean BBQ LA","Koreatown","eat","",ChIJCVZYpIy5woARnN-7t9XK0FA
"Jeong Yuk Jeom Korean BBQ LA","","","",ChIJCVZYpIy5woARnN-7t9XK0FA
"Jidaiya Ramen Dining","","","",ChIJR154mly1woARhkeRuhb5B3s
"Jidaiya Ramen Dining","Northeast Torrance","eat","",ChIJR154mly1woARhkeRuhb5B3s
"Jones","Central LA","drinks","",ChIJ_ZaCK9a-woARo6DSOmfgk4s
"Jones","","","",ChIJ_ZaCK9a-woARo6DSOmfgk4s
"Josui Ramen","Northeast Torrance","eat","",ChIJN5MyWdi1woAR83ahV_L2sEk
"Josui Ramen","","","",ChIJN5MyWdi1woAR83ahV_L2sEk
"Kashiwa Japanese Cuisine","Signal Hill","eat","",ChIJoW-RpdYz3YAR4OvgRsavVWs
"Kashiwa Japanese Cuisine","","","",ChIJoW-RpdYz3YAR4OvgRsavVWs
"Killer Noodle Tsujita","Sawtelle","eat","",ChIJ2_gA43S7woARjScbyy51Lyc
"Killer Noodle Tsujita","","","",ChIJ2_gA43S7woARjScbyy51Lyc
"Kippered","Downtown Los Angeles","eat","",ChIJYaEcrCXHwoARsvYEJ92JQWg
"Kippered","","","",ChIJYaEcrCXHwoARsvYEJ92JQWg
"Kissaten Corazon","Central LA","eat","",ChIJ7d5NpSvHwoARkpmF9dP-QSA
"Kissaten Corazon","","","",ChIJ7d5NpSvHwoARkpmF9dP-QSA
"kodo","Downtown Los Angeles","drinks","",ChIJV1jAhnvHwoARZ9dxuVaVvU4
"kodo","","","",ChIJV1jAhnvHwoARZ9dxuVaVvU4
"KOMAL","South Los Angeles","eat","",ChIJN2ZjSwDJwoARKK1-GW6NSg4
"KOMAL","","","",ChIJN2ZjSwDJwoARKK1-GW6NSg4
"Kombu Sushi","","","",ChIJf-MncEjHwoARkh07de0d9oo
"Kombu Sushi","Silver Lake","eat","",ChIJf-MncEjHwoARkh07de0d9oo
"KOTOYA JAPANESE RAMEN","Palms","eat","",ChIJe2dJnMu7woAR_q9HDxTyXDo
"KOTOYA JAPANESE RAMEN","","","",ChIJe2dJnMu7woAR_q9HDxTyXDo
"KTEAM BBQ","","","",ChIJ7_SxewDHwoARyB-lNf7XlZs
"KTEAM BBQ","Koreatown","eat","",ChIJ7_SxewDHwoARyB-lNf7XlZs
"KUKU Cafe","","","",ChIJ51AcBaW3woARaO37v-RmNJc
"KUKU Cafe","Inglewood","coffee","",ChIJ51AcBaW3woARaO37v-RmNJc
"Kyung's Seafood","","","",ChIJe3Ry0ehtAHwROTcC_sXBWoQ
"Kyung's Seafood","Ala Moana","eat","",ChIJe3Ry0ehtAHwROTcC_sXBWoQ
"La B√™te Noire","Paris","bakery","",ChIJ18aVNMFx5kcRbY23i47sh0Y
"La B√™te Noire","","","",ChIJ18aVNMFx5kcRbY23i47sh0Y
"La Boucherie","","","",ChIJbU-IELHHwoARxDEThp4W7kE
"La Boucherie","Downtown Los Angeles","eat","",ChIJbU-IELHHwoARxDEThp4W7kE
"La Cabana Venice","","","",ChIJc2JTRcO6woARZYR4EjVcAYs
"La Cabana Venice","Venice","eat","",ChIJc2JTRcO6woARZYR4EjVcAYs
"La Cocina de Do√±a Esthela","","","",ChIJp1Jrl_Tv2IAREGfZ3Y-QIVg
"La Cocina de Do√±a Esthela","El Porvenir","eat","",ChIJp1Jrl_Tv2IAREGfZ3Y-QIVg
"La Fe","","","",ChIJERg-8mnHwoARVLDwPHHG26A
"La Fe","Echo Park","eat","",ChIJERg-8mnHwoARVLDwPHHG26A
"LA FLAMA Culver City","Palms","eat","",ChIJj3LySAS7woARSvo8aPE4t8M
"LA FLAMA Culver City","","","",ChIJj3LySAS7woARSvo8aPE4t8M
"La Fonda Of Inglewood Restaurant & Cafe","Inglewood","coffee","",ChIJg-Ztw--2woARsCw4U8__KdA
"La Fonda Of Inglewood Restaurant & Cafe","","","",ChIJg-Ztw--2woARsCw4U8__KdA
"La korita tacos","","","",ChIJeTYIP9bOwoAR1jH3scLR1VY
"La korita tacos","Maywood","eat","",ChIJeTYIP9bOwoAR1jH3scLR1VY
"La Mariana Sailing Club","","","",ChIJ06Xa8E9uAHwR287O0INHQ48
"La Pergoletta","Central LA","eat","",ChIJW9g98LHAwoAR7eaxzvH95Uw
"La Pergoletta","","","",ChIJW9g98LHAwoAR7eaxzvH95Uw
"La Pergoletta on Sunset","Silver Lake","eat","",ChIJNzV1OT7HwoARjmgTu-tjkJc
"La Pergoletta on Sunset","","","",ChIJNzV1OT7HwoARjmgTu-tjkJc
"La Potranka","","","",ChIJQW65-KfMwoARSlSi4Z-l5zg
"La Potranka","Compton","eat","",ChIJQW65-KfMwoARSlSi4Z-l5zg
"LA PUREPECHA COCINA MEXICANA","Downtown","eat","",ChIJP-emuM6lwoAR0Ue5xLU60xo
"LA PUREPECHA COCINA MEXICANA","","","",ChIJP-emuM6lwoAR0Ue5xLU60xo
"Lalibela","Little Ethiopia","eat","",ChIJQ2hu7xW5woARDzFGVM33-qA
"Lalibela","","","",ChIJQ2hu7xW5woARDzFGVM33-qA
"Lamonica's NY Pizza","Westwood","eat","",ChIJLRlkyYO8woARcSWHPDaf9ew
"Lamonica's NY Pizza","","","",ChIJLRlkyYO8woARcSWHPDaf9ew
"Laurel Grill","","","",ChIJ4Yr51Cm7woARcEbxhx1xK2c
"Laurel Grill","Downtown","eat","",ChIJ4Yr51Cm7woARcEbxhx1xK2c
"Le Great Outdoor Restaurant","","","",ChIJfwjLxD67woARQh2IIpl4pbo
"Le Great Outdoor Restaurant","Pico","nature","",ChIJfwjLxD67woARQh2IIpl4pbo
"Leona","Venice","eat","",ChIJqYED5qK6woARR-K0e6jsF0s
"Leona","","","",ChIJqYED5qK6woARR-K0e6jsF0s
"Les Sisters' Southern Kitchen","Winnetka","eat","",ChIJz6cLkw6bwoARicsfhtFSEC0
"Les Sisters' Southern Kitchen","","","",ChIJz6cLkw6bwoARicsfhtFSEC0
"Lincoln Seafood","Monterey Park","eat","",ChIJD1xxJVfFwoARXpBgR5asYc0
"Lincoln Seafood","","","",ChIJD1xxJVfFwoARXpBgR5asYc0
"Little Belize Restaurant","","","",ChIJScaNJQK3woARnRf6dbNPtgw
"Little Belize Restaurant","Inglewood","eat","",ChIJScaNJQK3woARnRf6dbNPtgw
"Little Fatty","","","",ChIJQ--zYVy6woARhg4IaNZ49GY
"Little Fatty","Mar Vista","drinks","",ChIJQ--zYVy6woARhg4IaNZ49GY
"Little Fish Echo Park","","","",ChIJCWc7fhHHwoARXg2bZCd7D-8
"Little Fish Echo Park","Echo Park","nature","",ChIJCWc7fhHHwoARXg2bZCd7D-8
"Little Piggy","","","",ChIJs2VXlwK_woAR1cOkLx989Us
"Little Piggy","Sunset Strip","shop","",ChIJs2VXlwK_woAR1cOkLx989Us
"Liu's Cafe","","","",ChIJRaosTfa5woAR4wOTRcJfhog
"Liu's Cafe","Koreatown","coffee","",ChIJRaosTfa5woAR4wOTRcJfhog
"Lobster & Beer","","","",ChIJP74Xzcy7woARPdoQw6tp4ik
"Lobster & Beer","Palms","eat","",ChIJP74Xzcy7woARPdoQw6tp4ik
"lolo wine bar","East Hollywood","wine","",ChIJk0aWgYC_woAR-ZMeTxnBc8Q
"lolo wine bar","","","",ChIJk0aWgYC_woAR-ZMeTxnBc8Q
"Longo Seafood Restaurant","Garvey","eat","",ChIJ7_aTw6nawoARLZyk4LRQ46Y
"Longo Seafood Restaurant","","","",ChIJ7_aTw6nawoARLZyk4LRQ46Y
"Lonzo's Restaurant","Washington Culver","eat","",ChIJy1Rd9jq6woARb2nkBPrsnk4
"Lonzo's Restaurant","","","",ChIJy1Rd9jq6woARb2nkBPrsnk4
"Loreto","","","",ChIJFwh6fX3HwoARr9fhEj7PDPs
"Loreto","Elysian Valley","eat","",ChIJFwh6fX3HwoARr9fhEj7PDPs
"Loreto's Fried Turkey","Compton","eat","",ChIJT7qSkg_LwoARN72mSLTrg_A
"Loreto's Fried Turkey","","","",ChIJT7qSkg_LwoARN72mSLTrg_A
"Los Angeles P√©tanque Club","","","",ChIJrTLbwMG7woARh8yjG9woPD4
"Los Angeles P√©tanque Club","Cheviot Hills","eat","",ChIJrTLbwMG7woARh8yjG9woPD4
"Los Cheros Pupuseria","","","",ChIJqziit-zKwoARBDhJZwmxA4g
"Los Cheros Pupuseria","Gardena","eat","",ChIJqziit-zKwoARBDhJZwmxA4g
"Louis Burgers II","","","",ChIJP6yERn3LwoAR49x4m8x6fVI
"Louis Burgers II","Compton","eat","",ChIJP6yERn3LwoAR49x4m8x6fVI
"Love & Salt","","","",ChIJR6wziuyzwoARFjyYXSB_WJA
"Love & Salt","Manhattan Beach","eat","",ChIJR6wziuyzwoARFjyYXSB_WJA
"Love & Salt","","","",ChIJR6wziuyzwoARFjyYXSB_WJA
"Love & Salt","","","",ChIJR6wziuyzwoARFjyYXSB_WJA
"Lucky 1 Restaurant","Garvey","eat","",ChIJb4bnho_bwoAROrm4cP4br_s
"Lucky 1 Restaurant","","","",ChIJb4bnho_bwoAROrm4cP4br_s
"Lucky Plaza","","","",ChIJSWw72JDawoARCgPyUOhFujM
"Lucky Plaza","Rosemead","eat","",ChIJSWw72JDawoARCgPyUOhFujM
"Lukshon","Mid-City","eat","",ChIJex_4U4K5woARx3e9f4WsS5g
"Lukshon","","","",ChIJex_4U4K5woARx3e9f4WsS5g
"LULU Restaurant LA","","","",ChIJk2YUd_m9woARHeliq1FRRS4
"LULU Restaurant LA","Westwood","eat","",ChIJk2YUd_m9woARHeliq1FRRS4
"Lumi√®re","Century City","eat","",ChIJ1ebP_g27woARkTzWjtho9Hw
"Lumi√®re","","","",ChIJ1ebP_g27woARkTzWjtho9Hw
"Maccheroni Republic","","","",ChIJvVvovUvGwoARYrOMSp23rpQ
"Maccheroni Republic","Downtown Los Angeles","eat","",ChIJvVvovUvGwoARYrOMSp23rpQ
"Madeo Restaurant","Sunset Strip","eat","",ChIJVWDzP6y-woARq0ZRjmyar_c
"Madeo Restaurant","","","",ChIJVWDzP6y-woARq0ZRjmyar_c
"Magokoro","","","",ChIJHcInFCC9YoYR0fsPvogdoCA
"Magokoro","Del Valle","eat","",ChIJHcInFCC9YoYR0fsPvogdoCA
"Maison Kitsun√© Los Angeles","Silver Lake","eat","",ChIJib6jhfO5woARBg35yWNTVd8
"Maison Kitsun√© Los Angeles","","","",ChIJib6jhfO5woARBg35yWNTVd8
"Majordomo","","","",ChIJJxloG2HGwoARrnxMRe2L_ik
"Majordomo","Central LA","eat","",ChIJJxloG2HGwoARrnxMRe2L_ik
"Mamie","","","",ChIJieLTdES_woARcimvkZ5k2cM
"Mamie","Central LA","eat","",ChIJieLTdES_woARcimvkZ5k2cM
"Manhattan Beach Post","","","",ChIJ1xvteOuzwoAR4YYewt0xbzU
"Manhattan Beach Post","Manhattan Beach","drinks","",ChIJ1xvteOuzwoAR4YYewt0xbzU
"Manuela","","","",ChIJ1c-IyT7GwoARIYcIK2TyJ3k
"Manuela","Downtown Los Angeles","eat","",ChIJ1c-IyT7GwoARIYcIK2TyJ3k
"Maple Block Meat Co.","Clarkdale","drinks","",ChIJlTadNz-6woARbFsNl3JOTBY
"Maple Block Meat Co.","","","",ChIJlTadNz-6woARbFsNl3JOTBY
"Marco Polo","Silver Lake","eat","",ChIJq6p62k7HwoAR27oENJ9Jv1M
"Marco Polo","","","",ChIJq6p62k7HwoAR27oENJ9Jv1M
"Margot","","","",ChIJeVAatpK5woARrSmJrrPMCjc
"Margot","Lucerne - Higuera","drinks","",ChIJeVAatpK5woARrSmJrrPMCjc
"Marina Del Rey Hotel","","","",ChIJiSBrF2G6woARCZ4CwoQfGDE
"Marina Del Rey Hotel","Marina del Rey","stay","",ChIJiSBrF2G6woARCZ4CwoQfGDE
"Mario's Italian Deli & Market","Citrus Grove","purveyors","",ChIJ3atC2wbBwoARuFCpDBv0B4g
"Mario's Italian Deli & Market","","","",ChIJ3atC2wbBwoARuFCpDBv0B4g
"Mariscos y Sushi Tomateros","Lynwood","eat","",ChIJF_erafrLwoARZ6WD5nDX5eo
"Mariscos y Sushi Tomateros","","","",ChIJF_erafrLwoARZ6WD5nDX5eo
"Marouch Restaurant","East Hollywood","eat","",ChIJj_dmK1THwoARB3JgAHW2gVY
"Marouch Restaurant","","","",ChIJj_dmK1THwoARB3JgAHW2gVY
"Marugame Monzo","","","",ChIJfYSGw0fGwoARyMqh31EfoXg
"Marugame Monzo","Downtown Los Angeles","eat","",ChIJfYSGw0fGwoARyMqh31EfoXg
"Master Burger","South Los Angeles","eat","",ChIJ9QNPWPq3woARZFw0tamq9CM
"Master Burger","","","",ChIJ9QNPWPq3woARZFw0tamq9CM
"Mazal","","","",ChIJ1bWBF9_HwoARliht-HQf5ms
"Mazal","Lincoln Heights","eat","",ChIJ1bWBF9_HwoARliht-HQf5ms
"Meals By Genet","Little Ethiopia","eat","",ChIJW9SZwxW5woARkrzV1YcRMAE
"Meals By Genet","","","",ChIJW9SZwxW5woARkrzV1YcRMAE
"M√©lisse Restaurant","Downtown","eat","",ChIJ7fOMUsSkwoARIOVuE_23I1Q
"M√©lisse Restaurant","","","",ChIJ7fOMUsSkwoARIOVuE_23I1Q
"Mi Corazon Mexican Cuisine","Central LA","eat","",ChIJMeCpzcvAwoARXil55K-v0Fc
"Mi Corazon Mexican Cuisine","","","",ChIJMeCpzcvAwoARXil55K-v0Fc
"MIAN","San Gabriel","eat","",ChIJFQOXULbawoARmCPO2ocyiMQ
"MIAN","","","",ChIJFQOXULbawoARmCPO2ocyiMQ
"MIAN West Adams","Los Angeles","eat","",ChIJx_RDQoK5woARwXTlKtk5Rkg
"MIAN West Adams","","","",ChIJx_RDQoK5woARwXTlKtk5Rkg
"Michaels","","","",ChIJiRrTJM6kwoARSNux6NGQP08
"Michaels","Sawtelle","eat","",ChIJiRrTJM6kwoARSNux6NGQP08
"Mignon","","","",ChIJe8tyojXGwoARi1awtzaWShc
"Mignon","Downtown Los Angeles","eat","",ChIJe8tyojXGwoARi1awtzaWShc
"Mikaza Sushi & Lounge","","","",ChIJASP38YjHwoARJLHR85C2PCs
"Mikaza Sushi & Lounge","Downtown Los Angeles","eat","",ChIJASP38YjHwoARJLHR85C2PCs
"Milo & Olive","","","",ChIJM5FYc0-7woARcsHdGgoXyTU
"Milo & Olive","Northeast","bakery","",ChIJM5FYc0-7woARcsHdGgoXyTU
"Mitch's Fish Market & Sushi Bar","","","",ChIJO-YwWqpvAHwRKubvaF9GWFg
"Mitch's Fish Market & Sushi Bar","Honolulu","purveyors","",ChIJO-YwWqpvAHwRKubvaF9GWFg
"Mizlala West Adams","Los Angeles","eat","",ChIJfz6TMGW5woARTAZdlUymtbs
"Mizlala West Adams","","","",ChIJfz6TMGW5woARTAZdlUymtbs
"Monorom Cambodian Restaurant","Cambodia Town","eat","",ChIJe2C9mnMx3YARcHWFkkf7zsc
"Monorom Cambodian Restaurant","","","",ChIJe2C9mnMx3YARcHWFkkf7zsc
"MONTE ALBAN RESTAURANT","Sawtelle","eat","",ChIJFfpTs2m7woARTTEwyM1IMwM
"MONTE ALBAN RESTAURANT","","","",ChIJFfpTs2m7woARTTEwyM1IMwM
"Monterey Palace Restaurant","Garvey","eat","",ChIJuYUNVarawoARLRmpIlocQzI
"Monterey Palace Restaurant","","","",ChIJuYUNVarawoARLRmpIlocQzI
"Mori Nozomi","Sawtelle","eat","",ChIJh_EchAm7woAR_M_f_w6W50c
"Mori Sushi","Sawtelle","eat","",ChIJp9ZohAm7woARvdg9Sja3QtI
"Mt. Olomana Trail (Three Peaks)","","","",ChIJDS33I60UAHwRydnVaBp_3n0
"Mt. Olomana Trail (Three Peaks)","Kailua","nature","",ChIJDS33I60UAHwRydnVaBp_3n0
"Muelle 3","","","",ChIJSUObvmST2IARaT7SLK97Qj0
"Muelle 3","Centro","eat","",ChIJSUObvmST2IARaT7SLK97Qj0
"Nalu Vida Venice Beach","","","",ChIJI5Pg8au7woARMNq32_nJCwE
"Nalu Vida Venice Beach","Venice","eat","",ChIJI5Pg8au7woARMNq32_nJCwE
"NBC Seafood Restaurant","Monterey Park","eat","",ChIJLWHpQF7FwoAR9Vnm8mvW3YI
"NBC Seafood Restaurant","","","",ChIJLWHpQF7FwoAR9Vnm8mvW3YI
"Newcomb's Ranch","","","",ChIJmyUenpTpwoAR7Yz_DetEfc4
"Newcomb's Ranch","La Ca√±ada Flintridge","eat","",ChIJmyUenpTpwoAR7Yz_DetEfc4
"Newport Seafood Restaurant","","","",ChIJD8whBCrbwoARZFyRThKqIJI
"Newport Seafood Restaurant","San Gabriel","eat","",ChIJD8whBCrbwoARZFyRThKqIJI
"Nick's Cafe","Central LA","coffee","",ChIJDWj_ml7GwoARovw-oXJNxXw
"Nick's Cafe","","","",ChIJDWj_ml7GwoARovw-oXJNxXw
"Night + Market Weho","Sunset Strip","purveyors","",ChIJ93f0oKG-woAR1g08r2EtyRY
"Night + Market Weho","","","",ChIJ93f0oKG-woAR1g08r2EtyRY
"Object","Melrose","shop","",ChIJWSulwdS4woAR7DQBNzC7ipc
"Object","","","",ChIJWSulwdS4woAR7DQBNzC7ipc
"Oc & Lau Restaurant","","","",ChIJIxbGYcQn3YAR5m4f2kVYyuw
"Oc & Lau Restaurant","Garden Grove","eat","",ChIJIxbGYcQn3YAR5m4f2kVYyuw
"Ocean Bo Dim Sum Cafe","El Monte","coffee","",ChIJ5SOSgazQwoARautP8kLfZDE
"Ocean Bo Dim Sum Cafe","","","",ChIJ5SOSgazQwoARautP8kLfZDE
"OH LA LA","","","",ChIJvUWRuH3DwoARQCEJXemfZ7Y
"OH LA LA","Catalina Villas","coffee","",ChIJvUWRuH3DwoARQCEJXemfZ7Y
"Ohana Superette","Silver Lake","eat","",ChIJ9THZtD_HwoARHbQuHXAPOdY
"Ohana Superette","","","",ChIJ9THZtD_HwoARHbQuHXAPOdY
"Olivia Restaurant","Koreatown","eat","",ChIJTasbtVrHwoAR4AXWcZFu1Kk
"Olivia Restaurant","","","",ChIJTasbtVrHwoAR4AXWcZFu1Kk
"Open Sesame Grill - Long Beach","","","",ChIJxYlPETYw3YARI4v-ecGueZo
"Open Sesame Grill - Long Beach","Belmont Shore","eat","",ChIJxYlPETYw3YARI4v-ecGueZo
"ORA","","","",ChIJW0o0Q0m3woARhowYbV87-4g
"ORA","South Los Angeles","coffee","",ChIJW0o0Q0m3woARhowYbV87-4g
"Orleans & York Inglewood","Inglewood","eat","",ChIJaUxRXwa3woARdn14D4eFFnA
"Orleans & York Inglewood","","","",ChIJaUxRXwa3woARdn14D4eFFnA
"Orsa & Winston","Downtown Los Angeles","eat","",ChIJh9W-NkrGwoARmn2KQbXkdhg
"Orsa & Winston","","","",ChIJh9W-NkrGwoARmn2KQbXkdhg
"Ospi Venice","Venice","eat","",ChIJmWxvuXq7woAR2IhTan5Zzp0
"Ospi Venice","","","",ChIJmWxvuXq7woAR2IhTan5Zzp0
"Otomisan Restaurant","Central LA","eat","",ChIJ2RqKBAfGwoARXSZOQkp0C-E
"Otomisan Restaurant","","","",ChIJ2RqKBAfGwoARXSZOQkp0C-E
"P1","","","",ChIJzbINrymxwoARS2brgyK99NQ
"P1","Westchester","eat","",ChIJzbINrymxwoARS2brgyK99NQ
"Palmeri Ristorante","Brentwood","eat","",ChIJX1dF91-7woARYX_H2NV6Jv0
"Palmeri Ristorante","","","",ChIJX1dF91-7woARYX_H2NV6Jv0
"Parker's Lighthouse","","","",ChIJ845fqCUx3YARbBeWgWBGpRM
"Parkers' Lighthouse","Waterfront","drinks","",ChIJ845fqCUx3YARbBeWgWBGpRM
"Parkers' Lighthouse","","","",ChIJ845fqCUx3YARbBeWgWBGpRM
"Pasta Sisters","Arlington Heights","eat","",ChIJA-ZYDSu5woARRnUA678ZKvI
"Pasta Sisters","","","",ChIJA-ZYDSu5woARRnUA678ZKvI
"Paul Bar/Food","Palm Springs","drinks","",ChIJlZZl0p0d24AR_d4Tf3576ZI
"Paul Bar/Food","","","",ChIJlZZl0p0d24AR_d4Tf3576ZI
"Pearl River Deli","Central LA","eat","",ChIJFYCW7ZXHwoAR-kWhlThLezI
"Pearl River Deli","","","",ChIJFYCW7ZXHwoAR-kWhlThLezI
"Peking Tavern","Downtown Los Angeles","drinks","",ChIJNRuP28rHwoARsVROzrrmszs
"Peking Tavern","","","",ChIJNRuP28rHwoARsVROzrrmszs
"Pepper Tavern ÂõõÂ∑ùÈõÜÂ∏Ç","San Gabriel","drinks","",ChIJk_J2-DHFwoARENm2zd_p_R4
"Pepper Tavern ÂõõÂ∑ùÈõÜÂ∏Ç","","","",ChIJk_J2-DHFwoARENm2zd_p_R4
"Perilla LA","Chinatown","eat","",ChIJsSNupLe5woARgIO3oWlJ9ps
"Perilla LA","","","",ChIJsSNupLe5woARgIO3oWlJ9ps
"PERU CHICHA PERUVIAN RESTAURANT.","Gardena","eat","",ChIJ0TrUXUG1woARnto2MZx0kkA
"PERU CHICHA PERUVIAN RESTAURANT.","","","",ChIJ0TrUXUG1woARnto2MZx0kkA
"Petit Trois","","","",ChIJydzjPNO4woAR9la4IiglqbA
"Petit Trois","Central LA","eat","",ChIJydzjPNO4woAR9la4IiglqbA
"Petite Peso","Downtown Los Angeles","eat","",ChIJo2MzP9LHwoARAhjwB1oZW1E
"Petite Peso","","","",ChIJo2MzP9LHwoARAhjwB1oZW1E
"Phat Noodles","","","",ChIJpWn9JWzLwoARVmuR936sO2k
"Phat Noodles","Compton","eat","",ChIJpWn9JWzLwoARVmuR936sO2k
"Phillips Bar-B-Que","Inglewood","drinks","",ChIJ56dkOWu3woAR_iBbsRyq598
"Phillips Bar-B-Que","","","",ChIJ56dkOWu3woAR_iBbsRyq598
"Phnom Penh Noodle Shack","","","",ChIJ27rL9HAx3YARWSo8BUALEr4
"Phnom Penh Noodle Shack","Whittier","eat","",ChIJ27rL9HAx3YARWSo8BUALEr4
"Phorage Vietnamese Overland","Westside Village","eat","",ChIJ18alAsu7woARhEobtA6w-Ck
"Phorage Vietnamese Overland","","","",ChIJ18alAsu7woARhEobtA6w-Ck
"Pinky's Los Feliz","Central LA","eat","",ChIJ55q6W3nBwoAR7zYES5tOSfc
"Pinky's Los Feliz","","","",ChIJ55q6W3nBwoAR7zYES5tOSfc
"Pinyon Ojai","","","",ChIJ6e5sT0ml6YARrl188yS6r4g
"Pinyon Ojai","Ojai","eat","",ChIJ6e5sT0ml6YARrl188yS6r4g
"Pizzana","","","",ChIJa8YvKhzHwoARNsesjH1rw4s
"Pizzana","Silver Lake","eat","",ChIJa8YvKhzHwoARNsesjH1rw4s
"Pizzeria Bianco","Downtown Los Angeles","eat","",ChIJU4B7dFzHwoARzYn5dctIk0I
"Pizzeria Mozza","Melrose","eat","",ChIJbWvuoNO4woARx2Xy5MvJ138
"Pizzeria Mozza","","","",ChIJbWvuoNO4woARx2Xy5MvJ138
"Pizzeria Sei","","","",ChIJZzA8EM25woAR4SmcyXbfxBE
"Pizzeria Sei","Pico-Robertson","eat","",ChIJZzA8EM25woAR4SmcyXbfxBE
"Polaris Media Lab","Central LA","eat","",ChIJA0KB332_woAR2jRvZu3W4KE
"Polaris Media Lab","","","",ChIJA0KB332_woAR2jRvZu3W4KE
"Pollo A La Brasa","","","",ChIJy7zNpMi5woARzzZwdauukV0
"Pollo A La Brasa","Koreatown","eat","",ChIJy7zNpMi5woARzzZwdauukV0
"Pop's Chicken","Compton","eat","",ChIJayD7-HPLwoARSk7_TXwcsPI
"Pop's Chicken","","","",ChIJayD7-HPLwoARSk7_TXwcsPI
"Porta Via Italian Foods","South Arroyo","eat","",ChIJMU2GZ3zDwoARars-iw6-B9k
"Porta Via Italian Foods","","","",ChIJMU2GZ3zDwoARars-iw6-B9k
"Post & Beam","South Los Angeles","drinks","",ChIJHQ2ElC64woARivNi5I0WYSg
"Post & Beam","","","",ChIJHQ2ElC64woARivNi5I0WYSg
"Potager","Central","eat","",ChIJSQrn7NF-bIcRW1sYMcUq_mE
"Potager","","","",ChIJSQrn7NF-bIcRW1sYMcUq_mE
"Premiere Dental Group","Marina del Rey","eat","",ChIJ4beo0oC6woAREssxotSlCo0
"Premiere Dental Group","","","",ChIJ4beo0oC6woAREssxotSlCo0
"Primitivo Restaurante","","","",ChIJ9-_YrSjv2IAR2kwffPxdoOU
"Primitivo Restaurante","Ensenada","eat","",ChIJ9-_YrSjv2IAR2kwffPxdoOU
"Q","","","",ChIJdVr6UrTHwoARPa44y99pcs8
"Q","Downtown Los Angeles","eat","",ChIJdVr6UrTHwoARPa44y99pcs8
"Quarters Korean BBQ","","","",ChIJoz3QPH3HwoAR-eUJ2juVyzQ
"Quarters Korean BBQ","Koreatown","eat","",ChIJoz3QPH3HwoAR-eUJ2juVyzQ
"Quintas Papagayo","Zona Playitas","stay","",ChIJtQcvKczY2IAR01DDSpSAc5o
"Quintas Papagayo","","","",ChIJtQcvKczY2IAR01DDSpSAc5o
"R/10 Social House","","","",ChIJ3xKkcKC0woARw9QdkYklyc0
"R/10 Social House","South Redondo","drinks","",ChIJ3xKkcKC0woARw9QdkYklyc0
"R10 Social House","","","",ChIJ3xKkcKC0woARw9QdkYklyc0
"Rainforest Flora, Inc.","","","",ChIJxwWKa-e0woARcWTnGdeccgA
"Rainforest Flora, Inc.","West Torrance","eat","",ChIJxwWKa-e0woARcWTnGdeccgA
"Ramona Room","","","",ChIJEy4mphDHwoARejZ9zUN_d4U
"Ramona Room","Echo Park","coffee","",ChIJEy4mphDHwoARejZ9zUN_d4U
"Rangoon Burmese kitchen","Arts District","eat","",ChIJy0j-0opvAHwRWJmJld0b1rA
"Rangoon Burmese kitchen","","","",ChIJy0j-0opvAHwRWJmJld0b1rA
"Rasarumah","Westlake","eat","",ChIJ5fd-NQDHwoARKiTGuaNIeco
"Rasarumah","","","",ChIJ5fd-NQDHwoARKiTGuaNIeco
"Rasselbock Kitchen & Beer Garden","","","",ChIJtRAY0pgz3YARrvEEEZ40s5c
"Rasselbock Kitchen & Beer Garden","Bixby Knolls","nature","",ChIJtRAY0pgz3YARrvEEEZ40s5c
"Ray's Texas Bbq","Huntington Park","eat","",ChIJXX10eR_JwoAR7OJ1RFKTuYo
"Ray's Texas Bbq","","","",ChIJXX10eR_JwoAR7OJ1RFKTuYo
"Redbird","","","",ChIJv4yVGknGwoARC_5zwy3zU5M
"Redbird","Downtown Los Angeles","eat","",ChIJv4yVGknGwoARC_5zwy3zU5M
"Restaurant Ki","Downtown Los Angeles","eat","",ChIJ6fB8aADHwoARxXCY99wLo0U
"Restaurant Ki","","","",ChIJ6fB8aADHwoARxXCY99wLo0U
"Revival Denver Public House","North Capitol Hill","eat","",ChIJdf7vwDB5bIcRUKbqopeByXc
"Revival Denver Public House","","","",ChIJdf7vwDB5bIcRUKbqopeByXc
"Rhythm Room L.A.","Downtown Los Angeles","eat","",ChIJTwsCo0rGwoARKKzn_4khivA
"Rhythm Room L.A.","","","",ChIJTwsCo0rGwoARKKzn_4khivA
"Roasted Duck by Pa Ord","East Hollywood","eat","",ChIJharH4mq_woAR3f7EfNbthQ8
"Roasted Duck by Pa Ord","","","",ChIJharH4mq_woAR3f7EfNbthQ8
"Roma Market","","","",ChIJt3lehj7DwoARjFDvXyu8m78
"Roma Market","Bungalow Heaven","purveyors","",ChIJt3lehj7DwoARjFDvXyu8m78
"Ronan","Fairfax","eat","",ChIJu4wpBcm_woARVYpXzbD6yaU
"Ronan","","","",ChIJu4wpBcm_woARVYpXzbD6yaU
"Ronnie's Diner","","","",ChIJ6Z6W4Ha6woARMjTJ8EzTJpA
"Ronnie's Diner","Del Rey","eat","",ChIJ6Z6W4Ha6woARMjTJ8EzTJpA
"Rory Fashion","Downtown Los Angeles","eat","",ChIJATzRP83HwoARoVm_g_CGeCM
"Rory Fashion","","","",ChIJATzRP83HwoARoVm_g_CGeCM
"Royal Lobster LA","Koreatown","eat","",ChIJk4nvq9-5woARwK1RG8aP2ZY
"Royal Lobster LA","","","",ChIJk4nvq9-5woARwK1RG8aP2ZY
"Rustic Canyon","","","",ChIJVSrXF8qkwoARXxeoyWyDrHk
"Rustic Canyon","Wilshire Montana","eat","",ChIJVSrXF8qkwoARXxeoyWyDrHk
"Rusty Pot Caf√©","Inglewood","coffee","",ChIJcZjf9AG3woARtuMPblEtqpE
"Rusty Pot Caf√©","","","",ChIJcZjf9AG3woARtuMPblEtqpE
"RVR","","","",ChIJZ1pkfgC7woARjdvLWPbggwg
"RVR","Venice","eat","",ChIJZ1pkfgC7woARjdvLWPbggwg
"Sakae Sushi","","","",ChIJP7TQi4G1woARf84immqdMm8
"Sakae Sushi","Gardena","eat","",ChIJP7TQi4G1woARf84immqdMm8
"Sakura-Ya","Gardena","eat","",ChIJIdydu3m1woARYwz2fP82mV8
"Sakura-Ya","","","",ChIJIdydu3m1woARYwz2fP82mV8
"Santa Canela","","","",ChIJowrYmMLFwoARfBaOlCGmRNk
"Santa Canela","Highland Park","bakery","",ChIJowrYmMLFwoARfBaOlCGmRNk
"Sarita's Pupuseria","Downtown Los Angeles","eat","",ChIJqX-Yk0vGwoARrZJbkvesnxo
"Savta","Fairfax","eat","",ChIJB0vwhQO5woAR4_iegn7UzHY
"Savta","","","",ChIJB0vwhQO5woAR4_iegn7UzHY
"Sea Harbour Seafood Restaurant","","","",ChIJ_TQYZY_awoARAjrVzsNYoYo
"Sea Harbour Seafood Restaurant","Rosemead","eat","",ChIJ_TQYZY_awoARAjrVzsNYoYo
"Seco","","","",ChIJqXVPrFnHwoARHRmEYTHmXzw
"Senia","","","",ChIJRZadjXNuAHwRQ0l2_ic2glc
"Senia","Downtown","eat","",ChIJRZadjXNuAHwRQ0l2_ic2glc
"Seong Buk Dong","","","",ChIJO9M6hXzHwoAR0cimcXbbsy4
"Seong Buk Dong","Koreatown","eat","",ChIJO9M6hXzHwoAR0cimcXbbsy4
"Shin-Sen-Gumi Chanko - Gardena","Northeast Torrance","eat","",ChIJYXlDmly1woARVpq1PRCkZds
"Shin-Sen-Gumi Chanko - Gardena","","","",ChIJYXlDmly1woARVpq1PRCkZds
"Shin-Sen-Gumi Shabu-Shabu","Gardena","eat","",ChIJtfuvH2S1woARUaGqUzTjET0
"Shin-Sen-Gumi Shabu-Shabu","","","",ChIJtfuvH2S1woARUaGqUzTjET0
"Shins Pizza","Northeast Los Angeles","eat","",ChIJ4QeDUEjHwoARz0_6tHgpwNM
"Shins Pizza","","","",ChIJ4QeDUEjHwoARz0_6tHgpwNM
"Shirubƒì","","","",ChIJkZvbH36lwoARn7gRx2v_cjQ
"Shirubƒì","Downtown","eat","",ChIJkZvbH36lwoARn7gRx2v_cjQ
"Si! Mon","Venice","eat","",ChIJxyDoj5u7woARttWkJDjVa7g
"Si! Mon","","","",ChIJxyDoj5u7woARttWkJDjVa7g
"Sichuan Impression","","","",ChIJMUDoKhLFwoARnf9iE98ouYc
"Sichuan Impression","Alhambra","eat","",ChIJMUDoKhLFwoARnf9iE98ouYc
"Sichuan Impression","","","",ChIJMUDoKhLFwoARnf9iE98ouYc
"Sichuan Impression","Westwood","eat","",ChIJMUDoKhLFwoARnf9iE98ouYc
"Sichuan Impression Èî¶ÂüéÈáå","","","",ChIJMUDoKhLFwoARnf9iE98ouYc
"Sichuan Impression Èî¶ÂüéÈáå","City of Industry","eat","",ChIJMUDoKhLFwoARnf9iE98ouYc
"Sichuan Spicy Bay","Alhambra","eat","",ChIJcxuq11XbwoARM8nrTy-mvds
"Sichuan Spicy Bay","","","",ChIJcxuq11XbwoARM8nrTy-mvds
"Sichuan Street Food (ÂΩì‰ª£Â∑ùËèú)","","","",ChIJl0m1nhrDwoARxSbYtqUcEq4
"Sichuan Street Food (ÂΩì‰ª£Â∑ùËèú)","Pasadena","eat","",ChIJl0m1nhrDwoARxSbYtqUcEq4
"Side Street Inn On Da Strip","","","",ChIJ_cwZoYBtAHwRI6Ykbv5JdqY
"Side Street Inn On Da Strip","Diamond Head / Kapahulu / St. Louis Heights","stay","",ChIJ_cwZoYBtAHwRI6Ykbv5JdqY
"Simply Wholesome","","","",ChIJSwdnhnC3woAR_f2MCa7ftaE
"Simply Wholesome","South Los Angeles","eat","",ChIJSwdnhnC3woAR_f2MCa7ftaE
"Smoke and Fire Social Eatery","","","",ChIJkdWfiXLNwoAR-SbXAoYIckc
"Smoke and Fire Social Eatery","Paramount","eat","",ChIJkdWfiXLNwoAR-SbXAoYIckc
"Somerville","South Los Angeles","eat","",ChIJ1_u02zi3woARqK7EFUz_Y4s
"Somerville","","","",ChIJ1_u02zi3woARqK7EFUz_Y4s
"Sonido Del Valle","Central LA","eat","",ChIJOaW0xw7GwoARFuGAcZtCKtM
"Sonido Del Valle","","","",ChIJOaW0xw7GwoARFuGAcZtCKtM
"South LA Cafe","South Los Angeles","coffee","",ChIJbS0cGVO5woARaBf0Grhvoj0
"South LA Cafe","","","",ChIJbS0cGVO5woARaBf0Grhvoj0
"Spartina","Fairfax","eat","",ChIJYX7WCtO-woAR553fj8LNDag
"Spartina","","","",ChIJYX7WCtO-woAR553fj8LNDag
"Spina","","","",ChIJI7udFD_BwoARt7uoEa_1d_8
"Spina","Northeast Los Angeles","eat","",ChIJI7udFD_BwoARt7uoEa_1d_8
"SteelCraft Long Beach","","","",ChIJlQAcPZoz3YARdBWbP1WKSQs
"SteelCraft Long Beach","California Heights","eat","",ChIJlQAcPZoz3YARdBWbP1WKSQs
"Stir Crazy","Melrose","eat","",ChIJ7WIEQcq5woAR0RM_28q5Kz0
"Stir Crazy","","","",ChIJ7WIEQcq5woAR0RM_28q5Kz0
"Stuff I Eat","Inglewood","eat","",ChIJmRhHWAG3woARiXvgvI05iJo
"Stuff I Eat","","","",ChIJmRhHWAG3woARiXvgvI05iJo
"Sunday Gravy","","","",ChIJh4nD6y-3woARL7c-WEyafEc
"Sunday Gravy","Inglewood","eat","",ChIJh4nD6y-3woARL7c-WEyafEc
"Sunnin Lebanese Cafe","","","",ChIJN0WJzYK7woARRbo3UQKTLh8
"Sunnin Lebanese Cafe","Westwood","coffee","",ChIJN0WJzYK7woARRbo3UQKTLh8
"Surfas Culinary District","","","",ChIJQ-Lg3IO5woARDDmecH931Yc
"Surfas Culinary District","Arlington Heights","eat","",ChIJQ-Lg3IO5woARDDmecH931Yc
"Sushi Ike","","","",ChIJCdoAnUe_woARiuvfyHmW_MA
"Sushi Ike","Central LA","eat","",ChIJCdoAnUe_woARiuvfyHmW_MA
"Sushi n Matcha Sho","Fairfax","eat","",ChIJZVNvUDW_woARM1hwZfXjnJw
"Sushi n Matcha Sho","","","",ChIJZVNvUDW_woARM1hwZfXjnJw
"Sushi Sonagi","","","",ChIJiQId4c21woAR7Na-g3TATdA
"Sushi Sonagi","Gardena","eat","",ChIJiQId4c21woAR7Na-g3TATdA
"Sushi Takeda","","","",ChIJZZ-jjkjGwoARk89p24EJYwo
"Sushi Takeda","Downtown Los Angeles","eat","",ChIJZZ-jjkjGwoARk89p24EJYwo
"Sushi Tama","Central LA","eat","",ChIJNyucS3m_woARUKtQB__4rpY
"Sushi Tama","","","",ChIJNyucS3m_woARUKtQB__4rpY
"Sweet Rice","Gardena","eat","",ChIJA1Tcvf21woAR1ZaqxOxjUWE
"Sweet Rice","","","",ChIJA1Tcvf21woAR1ZaqxOxjUWE
"Tacos Don Goyo","","","",ChIJa9sIFQrSwoARQIhdM_567W8
"Tacos Fenix (Fish & Shrimp)","","","",ChIJYblmQ3qS2IARnjZgt4i08d0
"Tacos Fenix (Fish & Shrimp)","Obrera","eat","",ChIJYblmQ3qS2IARnjZgt4i08d0
"Tam's Noodle House","","","",ChIJ3V6g2-zbwoAR1t9P_QrSF_E
"Tam's Noodle House","San Gabriel","eat","",ChIJ3V6g2-zbwoAR1t9P_QrSF_E
"Tamaler√≠a La Do√±a","East Compton","eat","",ChIJ6Ssg7L3MwoARZTkRLVKpjk4
"Tamaler√≠a La Do√±a","","","",ChIJ6Ssg7L3MwoARZTkRLVKpjk4
"Taormina Sicilian Cuisine","","","",ChIJ5W-jcHVyAHwRaGm6iJsz26Y
"Taormina Sicilian Cuisine","Waikiki","eat","",ChIJ5W-jcHVyAHwRaGm6iJsz26Y
"Taqueria Frontera","Northeast Los Angeles","eat","",ChIJq-wlGADHwoARfnCcqPOh9Jw
"Taqueria Frontera","","","",ChIJq-wlGADHwoARfnCcqPOh9Jw
"Taqueria Vista Hermosa","South Los Angeles","eat","",ChIJGyYzkgrIwoAR5zXwQ4j0tCM
"Taqueria Vista Hermosa","","","",ChIJGyYzkgrIwoAR5zXwQ4j0tCM
"Taste of Tehran Restaurant","","","",ChIJOVpDZ5y7woARXY_mVBj2V_A
"Taste of Tehran Restaurant","West Los Angeles","eat","",ChIJOVpDZ5y7woARXY_mVBj2V_A
"TAVERNA at The Mar Vista","Mar Vista","eat","",ChIJgUepbVy6woARRs_aeOlq2bM
"TAVERNA at The Mar Vista","","","",ChIJgUepbVy6woARRs_aeOlq2bM
"The Apple Pan","","","",ChIJyWIAM727woARCh0VBNP7GsU
"The Apple Pan","West Los Angeles","eat","",ChIJyWIAM727woARCh0VBNP7GsU
"The Arthur J","","","",ChIJxanJrOyzwoARK-SmTA4f2vM
"The Arthur J","","","",ChIJxanJrOyzwoARK-SmTA4f2vM
"The Arthur J","Manhattan Beach","drinks","",ChIJxanJrOyzwoARK-SmTA4f2vM
"The Bazaar by Jose Andres","Central LA","eat","",ChIJ69zJpE65woARW1hTfn5h6qQ
"The Bazaar by Jose Andres","","","",ChIJ69zJpE65woARW1hTfn5h6qQ
"The Beet Box Cafe","Kailua","coffee","",ChIJNzd-ddsUAHwR1825q6hd3dI
"The Beet Box Cafe","","","",ChIJNzd-ddsUAHwR1825q6hd3dI
"The Belasco","Downtown Los Angeles","eat","",ChIJT359ZcnHwoARlzqycZrBhdc
"The Belasco","","","",ChIJT359ZcnHwoARlzqycZrBhdc
"The Blue Hole Restaurant Belizean Caribbean Cuisine","Gardena","eat","",ChIJy5qjlS21woARjQnLuU-0cac
"The Blue Hole Restaurant Belizean Caribbean Cuisine","","","",ChIJy5qjlS21woARjQnLuU-0cac
"The Breakers Palm Beach","","","",ChIJZcTxw5DW2IgREnhgYXc3igo
"The Breakers Palm Beach","Palm Beach","eat","",ChIJZcTxw5DW2IgREnhgYXc3igo
"The Brixton","","","",ChIJez9qdxe7woARmfzhJtlXAlU
"The Brixton","Pico","eat","",ChIJez9qdxe7woARmfzhJtlXAlU
"The Brothers Sushi Culver City","Downtown","eat","",ChIJd7kHztK7woART3cidqv8Pdg
"The Brothers Sushi Culver City","","","",ChIJd7kHztK7woART3cidqv8Pdg
"The Cheese Store of Beverly Hills","Beverly Hills","purveyors","",ChIJMd3gmQe8woAR9A6FRbhXHoo
"The Cheese Store of Beverly Hills","","","",ChIJMd3gmQe8woAR9A6FRbhXHoo
"The Chori-Man","","","",ChIJPRGMf9U33YARy1qrykl9h54
"The Chori-Man","San Pedro","eat","",ChIJPRGMf9U33YARy1qrykl9h54
"The Crawford Hotel","","","",ChIJLzjzCcN4bIcR6Rns-LU8ylI
"The Crawford Hotel","Union Station","stay","",ChIJLzjzCcN4bIcR6Rns-LU8ylI
"The Factory Kitchen","Downtown Los Angeles","eat","",ChIJKdvOsiTGwoAROdFrQHvqplE
"The Factory Kitchen","","","",ChIJKdvOsiTGwoAROdFrQHvqplE
"The Framing House Design","Central LA","eat","",ChIJFeM81ArHwoAR9SNjAxInqOQ
"The Framing House Design","","","",ChIJFeM81ArHwoAR9SNjAxInqOQ
"The Italian Deli Co.","","","",ChIJDRr7EADDwoARWHde6ATKIQs
"The Italian Deli Co.","Pasadena","eat","",ChIJDRr7EADDwoARWHde6ATKIQs
"The Living Room","South Los Angeles","eat","",ChIJS5wbZE-4woARBY_Nm0cG4aA
"The Living Room","","","",ChIJS5wbZE-4woARBY_Nm0cG4aA
"The MEETING SPOT","South Los Angeles","eat","",ChIJXwhVbgC3woARkXQPlQYCoPI
"The MEETING SPOT","","","",ChIJXwhVbgC3woARkXQPlQYCoPI
"The Mulberry LA","Sawtelle","drinks","",ChIJvbXCwSC7woARm0oGgY3osgM
"The Mulberry LA","","","",ChIJvbXCwSC7woARm0oGgY3osgM
"The Original Rinaldi's Deli and Cafe","Westchester","coffee","",ChIJ78I4KCuxwoARHSa7NvgNKxY
"The Original Rinaldi's Deli and Cafe","","","",ChIJ78I4KCuxwoARHSa7NvgNKxY
"The Palms","Mar Vista","eat","",ChIJpVYbKUy6woARHSurHU0hpGw
"The Palms","","","",ChIJpVYbKUy6woARHSurHU0hpGw
"The Paramour Estate","Silver Lake","stay","",ChIJt11h7zbHwoARqkvd5P19BzQ
"The Paramour Estate","","","",ChIJt11h7zbHwoARqkvd5P19BzQ
"The Pig and The Lady","Kaimuki","eat","",ChIJf_g4jXNuAHwRxwKtprB4Ojw
"The Pig and The Lady","","","",ChIJf_g4jXNuAHwRxwKtprB4Ojw
"The Rooster","Pico-Robertson","eat","",ChIJNy9rZYa5woARVbJF2_h40Fk
"The Rooster","","","",ChIJNy9rZYa5woARVbJF2_h40Fk
"The Rose Venice","Venice","bakery","",ChIJl54_As-6woARoSxAAI2CKdA
"The Rose Venice","","","",ChIJl54_As-6woARoSxAAI2CKdA
"The Seafood Shop Gourmet & Charcuterie","","","",ChIJlWqIZfWVwoARLDMVbOF_5Xo
"The Seafood Shop Gourmet & Charcuterie","North Hollywood","purveyors","",ChIJlWqIZfWVwoARLDMVbOF_5Xo
"The Slate Hotel Denver Downtown, Tapestry by Hilton","Central Business District","eat","",ChIJH391Erx5bIcRYh2sCwbkgN4
"The Slate Hotel Denver Downtown, Tapestry by Hilton","","","",ChIJH391Erx5bIcRYh2sCwbkgN4
"The Way We Wore","","","",ChIJ35eBeq1ZwokR1lTp8AlL6SU
"The Way We Wore","Central LA","eat","",ChIJ35eBeq1ZwokR1lTp8AlL6SU
"The Wolf's Tailor","","","",ChIJgZlxHYt4bIcRbUoKhywj5CE
"The Wolf's Tailor","Northwest","eat","",ChIJgZlxHYt4bIcRbUoKhywj5CE
"Tienda de Quesos y Vinos Los Globos","","","",ChIJ3_dG2TTs2IARMYSTTDq0JSA
"Tienda de Quesos y Vinos Los Globos","Villa de Ju√°rez","eat","",ChIJ3_dG2TTs2IARMYSTTDq0JSA
"Tilda","Echo Park","Wine Bar","",ChIJTb-MURDHwoARtgFst_c5ul8
"Tilda","","","",ChIJTb-MURDHwoARtgFst_c5ul8
"Tito‚Äôs Tacos","Clarkdale","eat","",ChIJD7h1FD-6woARYzcOU-WVg3Y
"Tito‚Äôs Tacos","","","",ChIJD7h1FD-6woARYzcOU-WVg3Y
"Toranj Restaurant","Westwood","eat","",ChIJNdnGdTO9woAR1Yj8a8erE3A
"Toranj Restaurant","","","",ChIJNdnGdTO9woAR1Yj8a8erE3A
"TOSHI SUSHI","","","",ChIJRZkF0nu1woAReSjHSEnJq9U
"TOSHI SUSHI","Gardena","eat","",ChIJRZkF0nu1woAReSjHSEnJq9U
"Tripp Burgers","Westside Village","eat","",ChIJuT31cKO7woARgoM27ir-H60
"Tripp Burgers","","","",ChIJuT31cKO7woARgoM27ir-H60
"Twelves","East Village","eat","",ChIJo06AgcYx3YARjEmh0avGXmA
"Twelves","","","",ChIJo06AgcYx3YARjEmh0avGXmA
"Two Homm√©s","Inglewood","eat","",ChIJE2iu8PyxwoAR0xugqezXqWQ
"Two Homm√©s","","","",ChIJE2iu8PyxwoAR0xugqezXqWQ
"UCLA Mathias Botanical Garden","Westwood","nature","",ChIJfwjI14C8woARd8bd-g1DUCk
"UCLA Mathias Botanical Garden","","","",ChIJfwjI14C8woARd8bd-g1DUCk
"UKA","Central LA","eat","",ChIJFyxQKCO_woARf6OMJ9ZWJNg
"UKA","","","",ChIJFyxQKCO_woARf6OMJ9ZWJNg
"Uncle Bill's Pancake House","Manhattan Beach","eat","",ChIJd8iiiuuzwoARB1aI8rL4q6M
"Uncle Bill's Pancake House","","","",ChIJd8iiiuuzwoARB1aI8rL4q6M
"Uncle Bill's Pancake House","","","",ChIJd8iiiuuzwoARB1aI8rL4q6M
"Uncle Mac‚Äôs Kitchen","","","",ChIJyddTd6a1woARFMNxoxr1ilw
"Uncle Mac‚Äôs Kitchen","Gardena","eat","",ChIJyddTd6a1woARFMNxoxr1ilw
"Union Restaurant","","","",ChIJ6bJimnHDwoARLVTrXTHBoVY
"Union Restaurant","Old Pasadena","eat","",ChIJ6bJimnHDwoARLVTrXTHBoVY
"UOVO | Pasadena","","","",ChIJdXI9qFXDwoAR-xXkq3R8390
"UOVO | Pasadena","Pasadena","eat","",ChIJdXI9qFXDwoAR-xXkq3R8390
"US Thai Cafe","","","",ChIJTy3FFWuHa4cRDIbUxVpcLF0
"US Thai Cafe","Edgewater","coffee","",ChIJTy3FFWuHa4cRDIbUxVpcLF0
"Valle Omakase by Chef Quindere","Ejido El Porvenir","eat","",ChIJSzvhabr72IAROHQM_HROGE8
"Valle Omakase by Chef Quindere","","","",ChIJSzvhabr72IAROHQM_HROGE8
"Vendome Wines & Spirits","","","",ChIJy9p8wSS-woARIShtakb2gFY
"Vendome Wines & Spirits","North Hollywood","eat","",ChIJy9p8wSS-woARIShtakb2gFY
"Veronica's Kitchen - The Fufuland","Inglewood","eat","",ChIJR414OBm3woARKxw-Qh-b9S4
"Veronica's Kitchen - The Fufuland","","","",ChIJR414OBm3woARKxw-Qh-b9S4
"Wagyu Butcher Japanese BBQ","Northeast Torrance","purveyors","",ChIJXYKAbN-1woAREE2yYfb5IdM
"Wagyu Butcher Japanese BBQ","","","",ChIJXYKAbN-1woAREE2yYfb5IdM
"Wah Sing Dim Sum","San Gabriel","eat","",ChIJY6r-Az7bwoARaSUOvs0RMS0
"Wah Sing Dim Sum","","","",ChIJY6r-Az7bwoARaSUOvs0RMS0
"West 62nd Street","","","",ChIJmwZebdi3woAR9gEwOBs_Q6c
"West 62nd Street","South Los Angeles","eat","",ChIJmwZebdi3woAR9gEwOBs_Q6c
"Whole Foods Market","Downtown Los Angeles","purveyors","",ChIJk2wKz7XHwoARxvQQWiJGyok
"Whole Foods Market","","","",ChIJk2wKz7XHwoARxvQQWiJGyok
"Wilson Harding Driving Range","Griffith Park","eat","",ChIJsbHebaHBwoARXpY-64Z2ffc
"Wilson Harding Driving Range","","","",ChIJsbHebaHBwoARXpY-64Z2ffc
"Xiang La Hui","","","",ChIJd20UDVbFwoARr4QJI_orW0Q
"Xiang La Hui","Alhambra","eat","",ChIJd20UDVbFwoARr4QJI_orW0Q
"XUNTOS","","","",ChIJkaE_wR-lwoARJmJ-YudPXTE
"XUNTOS","Downtown","drinks","",ChIJkaE_wR-lwoARJmJ-YudPXTE
"Yang's Kitchen","Alhambra","eat","",ChIJBczrbxHFwoARl0fbvAOnGME
"Yang's Kitchen","","","",ChIJBczrbxHFwoARl0fbvAOnGME
"Yongsusan Restaurant","","","",ChIJbUuYUYLHwoARCMxYI_5enJs
"Yongsusan Restaurant","Koreatown","eat","",ChIJbUuYUYLHwoARCMxYI_5enJs
"Yunomi Handroll","","","",ChIJSXug65vHwoARL7woRsKWBV0
"Yunomi Handroll","Downtown Los Angeles","eat","",ChIJSXug65vHwoARL7woRsKWBV0
"Yunomi Handroll","","","",ChIJSXug65vHwoARL7woRsKWBV0
"Âá±ÊÇ¶ Grand Harbor","Temple City","eat","",ChIJI-PkmvvawoARlcLnArj4Jm0
"Âá±ÊÇ¶ Grand Harbor","","","",ChIJI-PkmvvawoARlcLnArj4Jm0
"ÊàêÈÉΩÊò†Ë±° Chengdu Impression","Arcadia","eat","",ChIJ-Ve9tMLbwoARjW7Le7ZsEjY
"ÊàêÈÉΩÊò†Ë±° Chengdu Impression","","","",ChIJ-Ve9tMLbwoARjW7Le7ZsEjY
"Ê±üÊà∏ÂâçÈÆ® „êÇÊâá Sushi Kisen","","","",ChIJAxmyMojbwoARQDN6CvMHYCo
"Ê±üÊà∏ÂâçÈÆ® „êÇÊâá Sushi Kisen","Arcadia","eat","",ChIJAxmyMojbwoARQDN6CvMHYCo