id,slug,name,website,google_place_id,instagram,neighborhood
029eb806-0c5a-4e29-8b23-b254718e44e3,dunsmoor,Dunsmoor,,ChIJQxbwUsHBwoARqt0NKxponhU,,
177a7c36-bb22-4252-b6c1-7d422e8a7742,unknown-177a7c36,Neutra VDL Studio and Residences,,ChIJgYJdky7HwoARYDypEBsMIJU,,
5933d98f-6e09-487f-98f2-b8177693c102,unknown-5933d98f,The Huntington Library Art Museum and Botanical Gardens,,ChIJc1xhAk3bwoARBBlfKQzXKLM,,
9312c6e6-0921-4822-bb6b-e3a9ab4ffb55,eightfold-coffee,Eightfold Coffee,https://eightfoldcoffee.square.site/,ChIJjxBGwf3GwoARaszNbZnssKg,,Echo Park
0a5864db-e933-4740-a91b-c1936ee33620,holbox-restaurant-1-mercado-la-paloma-#1-on-la-times-101-2025,Holbox,http://www.holboxla.com/,ChIJMc9-jgrIwoARvFaE32ZlJzA,,
077bb2b8-3a0b-44b2-a9dd-4e5915809a5b,chengdu-taste-restaurant-4-iconic-sgv-sichuan-essential,"Chengdu Taste,restaurant,4-iconic,SGV Sichuan essential",,ChIJfexi_j7FwoARBvFOjLFRM7I,,
6c7e44dd-07ba-4a78-8b72-51787b023b24,vespertine-restaurant-2-michelin-2-michelin-stars-jordan-kahn,Vespertine,https://vespertine.la/,ChIJVd04SYW5woAROE52K0dXeYE,,
b249d0f2-aa3b-44e1-8cfd-07308ca73c7d,la-fe,La Fe,https://lafeonsunset.com/,ChIJERg-8mnHwoARVLDwPHHG26A,,Echo Park
84055ba2-0249-45a4-82a2-97d6c9267056,restaurant-jardin-silhouette,Restaurant Jardin Silhouette,https://www.hotel-silhouette-biarritz.com/,ChIJO1B5H69rUQ0RqebvKy3j5yU,null,null
99f828b8-e70f-4cee-b86f-eaf155958548,bar-leather-apron-downtown,Bar Leather Apron,http://www.barleatherapron.com/,ChIJTd6rUXNuAHwRD0iI21iD3AM,null,Downtown
3c9d8a08-a6c7-4a1a-a358-46e3eab15faf,unknown-3c9d8a08,Natural History Museum of Los Angeles County,,ChIJXzARBf3HwoARJyT7uZSV-G4,,
756d9e98-8ddd-4c51-a519-2d5f7c408d83,unknown-756d9e98,Heritage Square Museum,,ChIJ7Yhdw5zGwoARMQi5JDOtpuE,,
571c08b9-10ee-49bb-bcbe-8402ab599679,alejandra-s-quesadilla-cart-de-oaxaca,Alejandra's Quesadilla Cart de Oaxaca,,ChIJaT4PZsXHwoARS-vewm09HHo,,Echo Park
0a4098fd-88b9-44df-8a62-6cd79e1bb6a5,senia-downtown,Senia,http://www.restaurantsenia.com/,ChIJRZadjXNuAHwRQ0l2_ic2glc,null,Downtown
1cfb2fe0-6a19-464a-8d42-50d83cd11c7f,jon-and-vinny-s-restaurant-1-fairfax-massive-editorial-coverage,"Jon & Vinny's,restaurant,1,Fairfax - massive editorial coverage",,,,
b126fe54-b52c-432e-a4ed-75aeeff83bd9,unknown-b126fe54,Bradbury Building,,ChIJBYuC8kvGwoAROxBTjwqfWpU,,
e98bad96-dd5b-4e75-8af4-33f75e947ae1,unknown-e98bad96,"Jitlada,restaurant,4-iconic,Thai Town legend",,ChIJsR6mEFS_woAR-bYcpwWGTSg,,
a9f74efa-4129-488f-ab26-8952770f70c3,the-breakers-palm-beach,The Breakers Palm Beach,https://www.thebreakers.com/,ChIJZcTxw5DW2IgREnhgYXc3igo,null,null
6ff03197-4613-41f1-99cd-0021e1b2019c,camélia-restaurant-3-hot2025-french-japanese-bon-appétit-2025,Camélia,https://cameliadtla.com/,ChIJp01x8r7HwoARHdyVH9NySTs,,
4c16c305-f557-4108-9ff8-0e554bbb822b,kuya-lord-restaurant-3-hot2025-james-beard-winner-filipino,Kuya Lord,https://kuyalord.com/,ChIJx-fAMlC5woAR4sMclHgF3NA,,
01740682-da38-46ac-bb5c-151bb52a2dce,go-get-em-tiger-coffee-6-coffee-multiple-locations,"Go Get Em Tiger,coffee,6-coffee,Multiple locations",,,,
dd6c07c1-713f-4ff2-84f1-0d37bacd7e95,zankou-chicken-restaurant-4-iconic-iconic-la-chain,"Zankou Chicken,restaurant,4-iconic,Iconic LA chain",,,,
9d00545a-819b-4915-b1e6-2fab555fb7d0,gold-diggers-hotel-hotel-boutique-east-hollywood-music-venue-bar-hotel-hybrid-18,"Gold Diggers,hotel,hotel-boutique,East Hollywood - music venue/bar/hotel hybrid - 18.4 rating",,ChIJRzgRy3-5woARAjIJY4NIfPk,,
8ef6fda7-99f1-4547-9a4c-7b6ee55f1bd8,musso-and-frank-grill-restaurant-1-hollywood-institution-since-1919,"Musso & Frank Grill,restaurant,1,Hollywood institution since 1919",,ChIJaZ3OWSO_woARSF1VduqxGgY,,
5eb49a8b-d778-4ace-a159-375c228230c8,barranco-s-fruit,Barranco's Fruit,,ChIJy5TEdG3WwoARLZGdFN0MMqg,,
f3f5b567-12ef-4c67-a835-c3f2fe43cb61,bridgetown-roti-east-hollywood,Bridgetown Roti,http://www.bridgetownroti.com/,ChIJne7Az-rHwoARQhCf1NoVpsY,,East Hollywood
22c98e53-0a12-4ca8-b4cf-a5aaf7f47e74,night-market-weho-sunset-strip,Night + Market Weho,http://www.nightmarketsong.com/,ChIJ93f0oKG-woAR1g08r2EtyRY,,Sunset Strip
c551ebe6-7ce5-40f9-8f35-56148a186095,langer-s-delicatessen-restaurant-1-iconic-pastrami-jonathan-gold-hall-of-fame,"Langer's Delicatessen,restaurant,1,Iconic pastrami - Jonathan Gold Hall of Fame",,,,
91b3e966-d7ce-4a15-b728-772f46c8bd99,ace-hotel-downtown-los-angeles-hotel-hotel-neighborhood-restored-historic-dtla-b,"Ace Hotel Downtown Los Angeles,hotel,hotel-neighborhood,Restored historic DTLA building - rooftop",,,,
6e61406d-e9a4-4f6e-b5de-4c539773419f,cara-hotel-hotel-hotel-boutique-laid-back-modern-boutique-los-feliz-near-griffit,Cara Hotel,http://carahotel.com/,ChIJ_72WeFC_woARaXeiD_y7hy8,,
1f7e38d6-90e6-48b5-b519-a0502a267d1c,alan-wong-s-honolulu-mccully-moiliili,Alan Wong's Honolulu,https://www.alanwongs.com/,ChIJd6nRF5NtAHwRpwT4MbZic1c,null,McCully - Moiliili
2b2d6377-85b1-4bf0-b9ac-2727bedbc702,unknown-2b2d6377,Culver City Plunge,,ChIJDYcpnCO6woARQTFzB5-oe2U,,
e0eaf146-b074-4222-8027-6872463da231,taormina-sicilian-cuisine-waikiki,Taormina Sicilian Cuisine,http://taorminarestaurant.com/,ChIJ5W-jcHVyAHwRaGm6iJsz26Y,null,Waikiki
407fd6dc-1ca3-4b3d-a023-e302ef0e88b6,coucou-french-classes-la,Coucou French Classes LA,http://coucoufrenchclasses.com/la,ChIJc3Tj3zrBwoARyeBwjUdMKB4,,
72b31ba2-5081-4417-a129-a4fd1c295283,cookbook-market-echo-park-echo-park,Cookbook Market - Echo Park,http://www.cookbookla.com/,ChIJu7pgbh7HwoARFzTtEnYYM4Y,,
24e266d3-35c4-48a3-bec4-4986bc264033,n-naka-restaurant-2-michelin-2-michelin-stars-kaiseki,n/naka,https://n-naka.com/,ChIJb7GeyDS6woAROVvLEUiLZEk,,
8e05af40-46d5-4fc1-ae34-e20e8dfdd810,bar-covell-wine-bar-5-wine-bar-los-feliz,"Bar Covell,wine bar,5-wine-bar,Los Feliz",http://www.barcovell.com/,ChIJD2HKqa3AwoAR8JTi02ZS2Hc,,Los Feliz
9d15ef39-88a6-418f-9529-156e8ca038bc,leo-s-tacos-truck,Leo's Tacos Truck,http://www.leostacostruck.com/,ChIJdXWFXL7HwoARKe_whoFiTwM,,Echo Park
048ab187-5259-4718-bae3-3ad6f7239311,silver-lake-pool-and-inn-hotel-hotel-boutique-relaxed-organic-vibe-silver-lake-e,Silver Lake Pool & Inn,https://www.palisociety.com/hotels/silverlake,ChIJB7x_3E7HwoARby2w2st4Mwg,,
677af507-3b52-4182-8b68-5b014a1f04dc,canyon-coffee,Canyon Coffee,https://canyoncoffee.co/,ChIJXTqttEHHwoARFC6wPoE4fOU,,Echo Park
5af44f91-e94d-41a8-a44f-b7d67d9a6fc8,dan-tanas,Dan Tana's,,ChIJreK-k6i-woARSyd335Nkcr0,,
3d9fb043-4168-4e65-b4ec-088c0a7073b5,buvons,Buvons,,,,
793dfcc5-6c68-4b47-9dae-f0bc2614a1ef,covell,Bar Covell,,,,
52ef2e78-1399-4060-81d6-0a44cc0ef588,the-airliner,The Airliner,http://barairliner.com/,ChIJ6YtcQn3GwoARkgfd3-CG0rQ,,
e248e6bf-328c-4096-bf52-e375c5a0427d,republique-restaurant-1-la-brea-eater-lat-infatuation-fixture,"Republique,restaurant,1,La Brea - Eater/LAT/Infatuation fixture",,,,
183ec1f5-4f3d-4ea9-af3c-2dd28e01379d,union-liquor-market-westlake,Union Liquor Market,,ChIJAwgTXgjHwoARJ8Zj9BQYOwA,,
38fe6668-9b1f-4a80-a6ea-0a3f5aea09a7,unknown-38fe6668,Malibu Pier,,ChIJw2kMtyse6IAR8CFmW_6h-_U,,
a2161ce0-e112-4a6d-8ba1-b4279b69718b,the-pig-and-the-lady-kaimuki,The Pig and The Lady,http://thepigandthelady.com/,ChIJf_g4jXNuAHwRxwKtprB4Ojw,null,Kaimuki
ccd87c4d-aba6-4b63-86b4-f0799c67916d,yangban-society-restaurant-4-iconic-korean-american-arts-district,"Yangban Society,restaurant,4-iconic,Korean-American - Arts District",,,,
d09cb3f9-b1dd-4142-a381-524ed1ceeb63,jitlada-restaurant-4-iconic-thai-town-legend,"Jitlada,restaurant,4-iconic,Thai Town legend",,,,
f01cf5b0-0cd7-4da8-bfad-bf4fd3a645ae,osteria-mozza-restaurant-1-michelin-star-nancy-silverton,"Osteria Mozza,restaurant,1,Michelin star - Nancy Silverton",,ChIJBacpEtO4woAR8TxewBOIolo,,
b42cd552-51fb-45c4-b12e-6b0598147817,ototo,OTOTO,http://www.ototo.la/,ChIJB5MRik3HwoARFvZmDC7gi2I,,Echo Park
fcfd0d6c-f53b-4eee-8155-b85c47482bea,bestia-restaurant-1-arts-district-italian-perennial-every-list-staple,"Bestia,restaurant,1,Arts District Italian - perennial every-list staple",,ChIJSRvZ1yHGwoARcLrfvc-APl4,,
456efc3e-2104-46da-a99a-e6b8235e0ef4,dumpling-darlings-amoy-street,Dumpling Darlings (Amoy Street),http://www.dumplingdarlings.com.sg/,ChIJXf7jiAsZ2jERF3uqEy1oVR0,null,null
5b7286ff-cbbe-488b-b395-a41b1977a0c1,laverie-jaulerry,Laverie jaulerry,http://www.laverie-biarritz.fr/,ChIJFXuHLihrUQ0REFewNwWPHlQ,null,null
fcee10ac-e9bc-4f36-9ec9-b4c90c781af8,orsa-and-winston-restaurant-2-michelin-1-michelin-star-italian-japanese-dtla,"Orsa & Winston,restaurant,2-michelin,1 Michelin star - Italian-Japanese DTLA",,ChIJh9W-NkrGwoARmn2KQbXkdhg,,
3a6281a1-3b69-4fcb-ac1d-eb4c99be5e39,unknown-3a6281a1,"Intelligentsia Coffee,coffee,6-coffee,Silverlake/Pasadena",,ChIJ763W4UjHwoARhP2LIuCn2dU,,
59eb5040-1690-4f26-b463-041855c99174,baby-bistro-restaurant-3-hot2025-restaurant-of-the-year-contender-echo-park,Baby Bistro,https://babybistrola.com/,ChIJpboOd2HHwoAR0kwNDqK4cgw,,Echo Park
a6b960af-334c-41dd-9d9b-34601fba00d1,car-e-tjdz,Carøe,null,,null,null
cb7e6aef-4ed2-4c90-aa11-c92f5c5fef24,8540-s-sepulveda-blvd-westchester,8540 S Sepulveda Blvd,,ChIJ3Vl5CM2wwoARH3ZCjzo_lOI,,
3cd72c30-fc68-45aa-885a-f25c1bf2fae4,endorffeine-coffee-6-coffee-arts-district,Endorffeine,http://endorffeine.coffee/,ChIJsTjh9VrGwoARfOkMqZCZRXQ,,
2959e986-5f6d-49d6-8649-b5ce03272e27,unknown-2959e986,Venice Beach Basketball Courts,,ChIJ-YGylLm6woARWAySgUQblFg,,
fe963d2b-9c00-4ed9-ac9a-9abcd665df0a,pizzeria-mozza-restaurant-1-nancy-silverton-pizza-empire,"Pizzeria Mozza,restaurant,1,Nancy Silverton pizza empire",,ChIJbWvuoNO4woARx2Xy5MvJ138,,
90a0c801-37f4-4983-b147-57e81776f333,roasted-duck-by-pa-ord-restaurant-4-iconic-thai-town-new-eater-38-addition,"Roasted Duck by Pa Ord,restaurant,4-iconic,Thai Town - new Eater 38 addition",,ChIJharH4mq_woAR3f7EfNbthQ8,,
bed05625-221c-425d-908d-d2df59668320,burritos-la-palma-el-monte,Burritos La Palma,http://burritoslapalma.com/,ChIJxztAvPDZwoARUKqI04RO2uE,,El Monte
d03b1eb8-e32a-48d6-a036-5a067bef94f0,the-beverly-hills-hotel-hotel-hotel-iconic-dorchester-collection-the-pink-palace,"The Beverly Hills Hotel,hotel,hotel-iconic,Dorchester Collection - the Pink Palace",,ChIJXVs5lQa8woARSWRNqYGVUNo,,
a48e89b7-4a2a-4366-baf8-3910a2f93bce,grá,Grá,http://grá.com/,ChIJ35H4d-fHwoARK-W7Ikwq5VU,,Echo Park
9af072fc-6085-488d-9980-29a8e9e39656,1642,1642,https://www.1642bar.com/,ChIJtfpJdgbHwoARMPA3laMKsAI,,
be21533f-8d31-431d-82f8-3ad7a0ffd738,n-soto-restaurant-4-iconic-japanese-highly-rated,"N/Soto,restaurant,4-iconic,Japanese - highly rated",,ChIJr7tV88a5woARABa1uEr3Mao,,
8a61e41b-f083-450c-8145-1979a8b6d2f1,konbi-restaurant-4-iconic-cult-japanese-bakery,"Konbi,restaurant,4-iconic,Cult Japanese bakery",,,,
8e76fabf-7e8a-47eb-b2b7-fb1bdc593a82,bub-and-grandma-s-restaurant-4-iconic-pizza-cult-following,"Bub & Grandma's,restaurant,4-iconic,Pizza cult following",,,,
b2434829-e48a-419e-bad4-2cd8cfa73385,barabba,Barabba,http://www.barabba.dk/,ChIJ2W1BWxhTUkYRdPRopYGyxSc,null,null
1df4f9bb-b905-4add-b7ed-941fd433ef9e,the-hollywood-roosevelt-hotel-hotel-iconic-historic-hollywood-landmark-old-schoo,"The Hollywood Roosevelt,hotel,hotel-iconic,Historic Hollywood landmark - old-school glam meets modern",,ChIJazD_QyG_woARwKuHsRqY0nU,,
d433e8e0-b1c3-466d-bedd-3704dbb021a5,lucia-restaurant-3-hot2025-caribbean-fine-dining-fairfax-art-deco-space,"Lucia,restaurant,3-hot2025,Caribbean fine dining - Fairfax - Art Deco space",,,,
65fa4e60-d067-4e86-8482-16fc5725381f,men-and-beasts-|-modern-chinese-restaurant-and-tea-lounge-los-angeles-ca,"Men & Beasts | Modern Chinese Restaurant & Tea Lounge - Los Angeles, CA",,ChIJFycRzrHHwoARwBAa5sAAhOg,,Echo Park
place_tacos-1986_1771305000875,tacos-1986,Tacos 1986,http://www.tacos1986.com/,ChIJc1UAXfrHwoARkMC2iYyz8R8,,DTLA
4c6e5c4f-03a8-4f4d-b478-6878b8e0de0e,comedor-restaurant-3-hot2025-ray-garcia-comeback-westside,"Comedor,restaurant,3-hot2025,Ray Garcia comeback - Westside",,,,
81513430-c4f3-4241-b0ed-51d2c634f8e1,alta-adams-restaurant-4-iconic-keith-corbin-south-la,Alta Adams,http://altaadams.com/,ChIJ5XZfNW65woARIhG9hN44XQ4,,South La
e6b8f529-c5e0-4136-80e3-54f14de3441d,bia-om,Bia Om,https://bia-om.com/menu,ChIJNxZi9oXHwoARCI2P5y_RsNI,,Echo Park
1545fda3-5d3d-4101-8eb9-20c5bfdadf2b,unknown-1545fda3,Hauser & Wirth,,ChIJ0yp3zD7GwoARoWoWU4X2g8g,,
dee41e01-98ca-4495-8a02-ea7f2bcf2f48,baja-subs-market-deli-northridge,Baja Subs Market & Deli,,ChIJoUefmK2bwoARMQzl_Y6VKfE,,Northridge
30099b84-d36b-4d9a-a5d7-556341347221,step-up-on-west-third,Step Up on West Third,https://www.stepup.org/services/permanent-supportive-housing/,ChIJGRrnFxvHwoARv2JGehKiBeo,,
da61a9df-96f6-469a-9608-068a8697cfb8,rvr-restaurant-3-hot2025-cal-izakaya-venice-travis-lett-infatuation-#6,"RVR,restaurant,3-hot2025,Cal-izakaya - Venice - Travis Lett - Infatuation #6",,ChIJZ1pkfgC7woARjdvLWPbggwg,,
7f905b8b-6489-45a5-a2b1-edefc76e2245,howlin-ray-s-restaurant-1-hot-chicken-huge-editorial-footprint,"Howlin' Ray's,restaurant,1,Hot chicken - huge editorial footprint",,,,
11a7d3d2-c01e-46bf-a12c-fa358e6428da,unknown-11a7d3d2,Dockweiler State Beach,,ChIJ1asLRlSwwoARcbzH4K6wTPc,,
c5241182-299f-46dd-ad5e-399075f7c2bb,unknown-c5241182,Ennis House,,ChIJGVMxsUfBwoAR29CvRYADzgQ,,
cef67084-500d-4a6b-ba85-fe444dd62a7c,unknown-cef67084,Descanso Gardens,,ChIJx9y0KwfqwoAR5-sWU6kp8iA,,
ecbee21b-e996-4462-923e-348e4350b966,creekside-village,Creekside Village,,ChIJdZCo9cYg6IARYFg_0XiIyKE,,
14613925-acec-491d-b537-5c5a04847858,unknown-14613925,The Orpheum Theatre,,ChIJWQrC-crHwoARJvmB0kX7tbI,,
83ea7d49-08af-4011-a7e0-fe5355153367,unknown-83ea7d49,Los Angeles State Historic Park,,ChIJgfk0NV7GwoAR4ja9LMYRY0s,,
907f5f74-2275-42cd-a8ed-f4cd69d4699d,unknown-907f5f74,Arcana Books on the Arts,,ChIJbUsBG4O5woAR36lFBdtnk04,,
aab7c61f-e42a-4375-9192-fa2912a75652,unknown-aab7c61f,Elysian Park,,ChIJi7sKSe7GwoARnq0rarjBPC8,,
fca0afc9-04eb-46d4-abe2-a5e39a8a52d7,unknown-fca0afc9,Gamble House,,ChIJQ0LBQ6DDwoARCnmqzVfpLRQ,,
6293f468-ecaa-40ca-a2e1-ba8ddd2cefcd,unknown-6293f468,New Beverly Cinema,,ChIJLfFFL9a4woARRBcUFGpcO9M,,
e0e50146-aed0-46f2-beef-b3ca7496bb7a,unknown-e0e50146,Hammer Museum,,ChIJ9SNj34G8woARHOdEq52UX6k,,
fc8b73bc-7977-4d7d-8459-208f6911d755,unknown-fc8b73bc,Griffith Observatory,,ChIJywjU6WG_woAR3NrWwrEH_3M,,
623cec55-60f5-4910-8277-e64a1d6e0358,granada,Granada,https://granada-la.com/,ChIJb_FxThrHwoAR5vLcOXrnCtc,,Echo Park
ea211d22-2b21-4800-acd4-01f9c705a119,woodcat-coffee,Woodcat Coffee,http://woodcatcoffee.com/,ChIJ1TpO3RzHwoARFhUWvGyrsf0,,
e065c6b6-f91f-440c-9653-6edee73eb761,the-hummingbird-|-ceviche-house,The Hummingbird | Ceviche House,https://thehummingbirdla.com/,ChIJTd_4WgDHwoAR3G1iC-Yrq6w,,Echo Park
aa11d03f-9345-42b8-b817-34b455be990c,dada-echo-park,DADA ECHO PARK,https://www.dadaechopark.com/,ChIJje8WdpLHwoARJqzl2xsrZkc,,Echo Park
a2cabea9-55cc-4b88-829e-a4c327f72118,laveta,Laveta,https://gourme.top/businesses/laveta,ChIJmehuWGLHwoARsQ1AqMOtOJs,,Echo Park
9e6869d5-400e-4828-8500-98fbc66a4842,le-txamara,Le Txamara,https://www.txamara.com/,ChIJe41AWJoTUQ0R7mHAb35UTHk,null,null
f0c41122-d4a1-430a-9fcd-344af90fc78d,50-rue-d-espagne,50 Rue d'Espagne,null,ChIJiWYNZitrUQ0RvKdS1MXBUh0,null,null
53a815d6-ef83-467e-be12-c63609289f2f,oc-lau-restaurant-garden-grove,Oc & Lau Restaurant,https://oclaurestaurant.com/,ChIJIxbGYcQn3YAR5m4f2kVYyuw,,Garden Grove
894fc963-b50d-4428-b374-6dba73e8c706,ohana-superette,Ohana Superette,http://www.ohanasuperette.la/,ChIJ9THZtD_HwoARHbQuHXAPOdY,,
10da04a9-d760-4dc0-819e-3f56189b1a0d,gucci-osteria-da-massimo-bottura-restaurant-2-michelin-1-michelin-star-beverly-h,Gucci Osteria da Massimo Bottura,https://www.gucciosteria.com/en/beverlyhills/?y_source=1_MTU0MDI1NDItNzE1LWxvY2F0aW9uLndlYnNpdGU%3D,ChIJmY8Ttaa7woARqE-Ss5DafEo,,
da1e51d7-bac4-4fb5-99a6-dfc35b19fab0,ahpe-restaurant,ahpe Restaurant,http://ahpe-restaurant.fr/,ChIJR1Pre8cVUQ0RNkrumWDP0HI,null,null
1466d85c-beb9-4b17-912b-f5462beff6d0,bavel-restaurant-1-arts-district-middle-eastern-same-owners-as-bestia,Bavel,https://baveldtla.com/,ChIJAQDw5jzGwoARJ0ddsqWyCAQ,,
3d59b8a7-5c52-4913-8303-79e26b3ecc0f,ethel-s-grill,Ethel's Grill,null,ChIJfx5B2VxuAHwRQvhZNe-MRU8,null,null
47e1ecb4-bf94-45e9-82f9-70b5c7ec9089,the-west-hollywood-edition-hotel-hotel-boutique-ian-schrager-west-hollywood-19-9,The West Hollywood EDITION,https://www.marriott.com/en-us/hotels/laxeb-the-west-hollywood-edition/overview/?scid=f2ae0541-1279-4f24-b197-a979c79310b0,ChIJr7tLCKG-woARNVvQTdKErgU,,
3398bcf3-ebc8-4807-900a-99d09531afd4,50-rue-d-espagne-42ot,50 Rue d'Espagne,null,ChIJRaNfDoxAUQ0RC8H-SuesFs4,null,null
5528aec8-3133-49cc-9bc3-2727fae5ece1,littered-with-books,Littered with Books,https://www.facebook.com/pages/Littered-with-Books/153135064725041,ChIJzREvXm0Z2jER7tyytx5xIvA,null,null
2e340eaa-2fa7-4353-9f8c-91c20cf3f42d,little-fish-echo-park,Little Fish Echo Park,https://littlefishechopark.com/,ChIJCWc7fhHHwoARXg2bZCd7D-8,,Echo Park
c9643023-a490-4c6b-8609-337a617e6dc7,tu-madre-central-la,Tu Madre,https://www.tumadre.com/,ChIJGxOg467AwoARKjTG0a0ZFvo,,
47f37719-5964-45b9-b463-e454d8d6f8ab,ruby-s-diner,Ruby's Diner,https://www.rubys.com/locations/city-of-commerce-citadel/,ChIJhZyY5FLOwoARmWyxQxP6jX0,,
d9e58c1d-82df-41ec-8ccd-fdf67fc63cee,los-angeles-p-tanque-club,Los Angeles Pétanque Club,http://www.losangelespetanque.org/,ChIJrTLbwMG7woARh8yjG9woPD4,,
054d9ffa-0bb8-4067-b5c2-f84d16066d3a,great-white-central-la,Great White,http://greatwhitevenice.com/,ChIJ_Vof54W5woAReyLh-5XMF90,,Central LA
6af88462-4331-4390-bd60-30f0648a5ae9,honey-hi,Honey Hi,http://honeyhi.co/,ChIJe1OEhhzHwoARgvlgRluHI7U,,Echo Park
4caf9f7c-bd4b-4f6f-93b0-75ff2f779c98,mustard-s-bagels-restaurant-3-hot2025-culver-city-bagel-pop-up-infatuation-#7,"Mustard's Bagels,restaurant,3-hot2025,Culver City bagel pop-up - Infatuation #7",,ChIJfx0EdADFwoARSF3hsia7W8g,,
a4773c4a-9922-4972-bb51-5c43299e7165,donna-s,Donna's,https://www.donnasla.com/,ChIJhyFWHlPHwoARElRKU5zEEsw,,Echo Park
846ec73b-e777-4b6a-bb0e-1621f43bfb1b,somni-restaurant-2-michelin-3-michelin-stars-one-of-only-two-in-la,Somni,http://www.somnirestaurant.com/,ChIJVa5jok65woARLJWEqmHTCp8,,
70d07bae-98a1-466c-839b-c2c5945c9212,gjelina-restaurant-1-venice-institution-eater-all-time-38,Gjelina,http://www.gjelina.com/,ChIJGU5p6ri7woARaCOqe4haSl0,,
bc46f366-7984-44dc-9dbd-9bed2898abbc,sushi-n-matcha-sho,Sushi n Matcha Sho,https://sushishomelrose.com/,ChIJZVNvUDW_woARM1hwZfXjnJw,,
a0a04d97-7499-414d-83d6-826a223a2a46,coni-seafood-restaurant-4-iconic-nayarit-style-seafood-inglewood,"Coni'Seafood,restaurant,4-iconic,Nayarit-style seafood - Inglewood",,ChIJkyZE_nG6woARWEi-j3XdO2s,,
efa90623-b0b3-4e74-b0b7-2cd08a10a022,gjusta-restaurant-4-iconic-venice-bakery-deli-gjelina-family,"Gjusta,restaurant,4-iconic,Venice bakery/deli - Gjelina family",,ChIJIb5F-cW6woARd4CTt6yz_pg,,
e184dd84-ba62-40da-ade5-a1d3710f49d4,kyung-s-seafood-ala-moana,Kyung's Seafood,null,ChIJe3Ry0ehtAHwROTcC_sXBWoQ,null,Ala Moana
47143765-ed61-421c-bddd-a01cafc40d81,rue-andr-lamand,Rue André Lamandé,null,ChIJ_VEPC9pqUQ0RrXYOaFTp_QQ,null,null
place_redbird-downtown-los-angeles_1771305000950,redbird-downtown-los-angeles,Redbird,http://www.redbird.la/,ChIJv4yVGknGwoARC_5zwy3zU5M,,DTLA
eef1d604-c46b-479e-a683-23799546fb77,quarter-sheets,Quarter Sheets,http://www.quartersheetspizza.com/,ChIJRSM0cUvHwoAR5stWQtCvfUs,,Echo Park
ba92593c-579a-4364-8634-d96a768e5ae0,gyukatsu-motomura-shibuya-branch,Gyukatsu Motomura Shibuya Branch,https://www.gyukatsu-motomura.com/shop/shibuya,ChIJn2FoeFmLGGARnIog2ijRZXw,null,null
d72ff495-2588-41d6-886d-4978202e1a53,hotel-bel-air-hotel-hotel-iconic-dorchester-collection-secluded-westwood-luxury,"Hotel Bel-Air,hotel,hotel-iconic,Dorchester Collection - secluded Westwood luxury",,ChIJ4XfXK_G8woARbUYxTMpyDo8,,
fb2dbf82-dfb4-4b9e-a72d-74b1fe475b7d,petit-ermitage-hotel-hotel-boutique-west-hollywood-hideaway-secluded-rooftop-poo,"Petit Ermitage,hotel,hotel-boutique,West Hollywood hideaway - secluded rooftop pool",,ChIJe72g-aS-woARFWxi79pOMe0,,
93e418f6-a6c6-4ac6-89db-17b6d9fdb2eb,psychic-wines-silver-lake,Psychic Wines,http://www.psychicwinesla.com/,ChIJIXDXyBTHwoARVoN7PbVzK9c,,
2c3884b8-f0e0-40ab-bb7e-5fe4baf79240,warehouse-30,Warehouse 30,http://www.warehouse30.com/?fbclid=IwAR1TycMvVgWeorkf3eZegZi5LbMvFo3fb1UE-f6VlvGKxWgazM1tgNouRVo,ChIJhbRNuNuY4jARnvfgK79ciCM,null,null
0ca1276f-8224-4da4-9a96-e661d89ef355,tomat-restaurant-3-hot2025-farm-to-table-michelin-recommended-2025,Tomat,http://www.tomat.la/,ChIJDUyRuV2xwoARPXiy3q2yRLs,,
0d3d5e94-88e2-4987-8cdb-85be659cc5c7,sushi-masuyoshi-restaurant-3-hot2025-culver-city-omakase-infatuation-#4-$210-val,Sushi Masuyoshi,https://www.facebook.com/profile.php?id=100040422199235,ChIJPxfpSgC7woARjS3G6HQDYgI,,
81ac3db9-4ca0-4fc7-a2ae-bfbd64036579,wine-bar-akai-mise,Wine Bar Akai Mise,https://m.facebook.com/winebar.akaimise/,ChIJYbs_5oaLGGARvkzVIkmM0zQ,null,null
22b32565-e73c-48e8-b04a-707bb69272fb,bibble-sip,Bibble & Sip,http://bibbleandsip.com/,ChIJk5I-rVdYwokREJuq-CY6pEg,null,null
place_republique_1771305001028,republique,Republique,http://www.republiquela.com/,ChIJqaA5zt-4woARHGIEp3XlsZo,,Mid-Wilshire
93cea661-f1ea-4c7a-a2b7-35c0f4297148,short-stories-hotel-hotel-hotel-boutique-fairfax-district-intimate-feel-and-desi,"Short Stories Hotel,hotel,hotel-boutique,Fairfax District - intimate feel and design details",,ChIJmThyJzK5woARvgjYGoTrVg0,,
970410ca-8b48-40b8-9c3c-30e0eaca488a,beethoven-market-restaurant-3-hot2025-mar-vista-italian-infatuation-#10-neighbor,"Beethoven Market,restaurant,3-hot2025,Mar Vista Italian - Infatuation #10 - neighborhood gem",,ChIJlwU_uvC6woAR9hXvi7zlRSg,,
3d27bf43-bd40-4ea8-98f5-c12b0fbaae2f,santa-monica-proper-hotel-hotel-boutique-kelly-wearstler-design-rooftop-ocean-ad,Santa Monica Proper,https://www.properhotel.com/santa-monica/?utm_source=local-listings&utm_medium=organic&utm_campaign=local-listings,ChIJGayEIMmkwoARvutBp7SwpfI,,
7266e7e5-72b3-422c-b319-5e8b9ac84f4e,downtown-l-a-proper-hotel-hotel-hotel-boutique-kelly-wearstler-design-dtla-19-5-,Downtown L.A. Proper Hotel,https://www.properhotel.com/downtown-la/?utm_source=local-listings&utm_medium=organic&utm_campaign=local-listings,ChIJPVoyBWbHwoAREu--ZMmvEpA,,
f05f3e98-5dc5-48d4-adcf-828debf22f2f,mélisse-restaurant-2-michelin-2-michelin-stars-santa-monica,"Mélisse,restaurant,2-michelin,2 Michelin stars - Santa Monica",,,,
63cb80c5-68cb-4419-942f-0ccf6d52d797,haleiwa-joe-s-haiku-gardens,Haleiwa Joe's Haiku Gardens,https://www.haleiwajoes.com/kaneohe-menu,ChIJK3Frma1rAHwR14f_NgsLLCs,null,null
0b954c43-8988-477d-b5ff-d6621a168b93,caf-haleiwa-north-shore,Café Haleiwa,https://www.cafehaleiwahawaiianislands.com/,ChIJ_cU8f8NfAHwRLvbpmTPs87s,null,North Shore
beccc604-fd4c-4aa5-b42b-56a058d419e9,camphor-restaurant-2-michelin-1-michelin-star-arts-district-french,"Camphor,restaurant,2-michelin,1 Michelin star - Arts District French",,ChIJNW1lfmzHwoARxzp7unjgv-0,,
c6ce5b92-2a7f-4872-b394-2626c5864742,dada-market-echo-park,Dada Market,https://www.dadamarket.com/,ChIJI0OFopzHwoARmj49dTVY6g0,,
f5a4abdf-ee10-491d-90fd-920838b78e26,rasarumah-restaurant-3-hot2025-malaysian-new-michelin-bib-gourmand-2025,"Rasarumah,restaurant,3-hot2025,Malaysian - new Michelin Bib Gourmand 2025",,ChIJ5fd-NQDHwoARKiTGuaNIeco,,
d2f84c29-9bab-4439-809e-8a49d054f7dc,the-beet-box-cafe,The Beet Box Cafe,http://www.thebeetboxcafe.com/,ChIJNzd-ddsUAHwR1825q6hd3dI,null,null
d678cceb-8852-46a4-9461-a88cf3ab2be0,mt-olomana-trail-three-peaks,Mt. Olomana Trail (Three Peaks),https://noahlangphotography.com/blog/mount-olomana-trail-three-peaks-oahu-hawaii,ChIJDS33I60UAHwRydnVaBp_3n0,null,null
a57a4bdf-0354-44b9-a958-cd3e94f3697b,rangoon-burmese-kitchen-arts-district,Rangoon Burmese kitchen,null,ChIJy0j-0opvAHwRWJmJld0b1rA,null,Arts District
88d55b04-61ca-4265-8c35-199f9047b4e1,sunset-tower-hotel-hotel-hotel-iconic-classic-art-deco-glam-west-hollywood-icon,Sunset Tower Hotel,http://www.sunsettowerhotel.com/,ChIJPR1jrb--woARjgvrg3cz16I,,
280edc04-605d-4cf7-8be0-fdb91e3c7c0d,betsy-restaurant-3-hot2025-altadena-hearth-cooking-tyler-wells-comeback,Betsy,https://betsyaltadena.com/,ChIJyROYYDXDwoARx_7TxDXZi6Q,,
536a2b99-ae0d-43b1-9629-5116abb82cb8,restaurant-epoq,Restaurant EPOQ,http://www.restaurant-epoq.com/,ChIJ7W9LsfZrUQ0RCDPXVS5DAtk,null,null
ec073f38-6b01-4dc6-ae1d-2078c98970b7,le-bar-jean,Le Bar Jean,http://www.barjean-biarritz.fr/,ChIJz6ck8ihrUQ0R2WP144CN4Is,null,null
3a722760-a67e-44a2-a73a-03f7ef8ff275,el-prado,El Prado,,ChIJa-yZkxvHwoARF8aDKibbOtw,,Echo Park
5c5e60a8-85e3-4257-bc0a-dcf336d3b818,the-douglas,The Douglas,http://www.thedouglasla.com/,ChIJfT7yFiDHwoARORVyaJSlrsQ,,Echo Park
e828234f-d4ab-418d-ad96-71f362bd1c9d,wagyu-butcher-restaurant-3-hot2025-torrance-yakiniku-infatuation-#8,"Wagyu Butcher,restaurant,3-hot2025,Torrance yakiniku - Infatuation #8",,,,
0327b7c0-6786-44e8-bc25-054c9d47734b,cave-rembrandt-vins-bio-naturels-champagnes-spiritueux,"Cave Rembrandt – Vins bio & naturels, champagnes, spiritueux",https://cave-rembrandt-nice.fr/,ChIJvdrcxrnbzRIRgaRLeopeXhI,null,null
bf1e76e4-15cc-4a1a-afe7-59e9ffc5a50c,rustic-canyon-restaurant-4-iconic-santa-monica-farm-to-table,"Rustic Canyon,restaurant,4-iconic,Santa Monica farm-to-table",,ChIJn7_uYGKjwoARLjGYQnczLhg,,
669af14d-e4fd-4082-9baf-4c3c0db65e59,ch-ri-bibi,Chéri Bibi,http://www.cheribibibiarritz.com/,ChIJ6QoKfCtrUQ0RTafsW1qWU5Q,null,null
3c7ae3e5-8b4f-4138-a6be-3789aefa6f2c,regina-experimental-biarritz,Regina Experimental Biarritz,https://www.reginaexperimental.com/,ChIJxaAbD91qUQ0RgsyeyFLd65o,null,null
98caaa9d-d2e7-459d-8529-af7c121b4cc3,rea-gruppen-holding-aps,Rea Gruppen Holding Aps,null,ChIJg4OSnK5fUkYRb_A1wg52CRw,null,null
1af2e0ab-c231-4a44-9b90-f8b50107f948,berenjak-restaurant-3-hot2025-persian-from-london-arts-district-buzzy,"Berenjak,restaurant,3-hot2025,Persian from London - Arts District buzzy",,ChIJi-NVGiDGwoARSYqOhBs8jYc,,
f436943b-1eac-4f11-8610-fe773f0ded66,kismet-restaurant-4-iconic-los-feliz-middle-eastern,"Kismet,restaurant,4-iconic,Los Feliz Middle Eastern",,ChIJD1Q7U6zAwoAR5-VymMH76V0,,
c1575ce5-87e5-40ce-a5ee-0a56123c4733,88-club-restaurant-3-hot2025-mei-lin-top-chef-winner,"88 Club,restaurant,3-hot2025,Mei Lin (Top Chef winner)",,ChIJi_R5HMm9woARv_qBcJatv_0,,
2491a858-5422-4a01-aaab-25cc3e18dea6,the-line-la-hotel-hotel-neighborhood-koreatown-greenhouse-restaurant-strong-bar-,"The LINE LA,hotel,hotel-neighborhood,Koreatown - Greenhouse restaurant - strong bar scene",,ChIJEz1I84K4woARzSOwF86sb5c,,
4850809d-6a43-4701-8fca-036daeb7a3a6,freehand-los-angeles-hotel-hotel-neighborhood-dtla-youthful-artsy-vibe-rooftop-b,Freehand Los Angeles,https://freehandhotels.com/los-angeles/?utm_source=google-my-business&utm_medium=organic&utm_campaign=hotel-los-angeles,ChIJE80IjrXHwoARZo6wiQusTrc,,
c6d79feb-e86b-4d61-a09f-42d8d934222e,h-tel-le-garage-biarritz,Hôtel Le Garage Biarritz,https://www.hotel-garage-biarritz.fr/,ChIJDRxdsIRrUQ0RXq1A7zni7qg,null,null
b24be64a-0699-4253-8794-1cbf320792fd,chateau-marmont-hotel-hotel-iconic-legendary-hollywood-escape-old-world-glamour,"Chateau Marmont,hotel,hotel-iconic,Legendary Hollywood escape - old-world glamour",,ChIJKROQJcC-woARXQdWnTspoVk,,
29d7d519-9058-4995-8773-7cb41df69325,l-important-club,L'Important Club,https://milaclubparis.com/,ChIJ-xK88-1z5kcRHWabGDpij6Y,null,null
2e346f1a-f149-46b1-9bc6-da9bb538c65a,retour-verre-le-futur,RETOUR VERRE LE FUTUR,http://retourverrelefutur.com/,ChIJWdnIhzprUQ0RbXj6ezgsKWE,null,null
64bd978a-0d7c-4703-804b-06f7f463e62c,edariak-cave-vins,"Edariak, Cave à Vins",http://instagram.com/edariak_biarritz,ChIJMZlTuRprUQ0RflBKrZk82_Y,null,null
place_seco_1771304999483,seco,Seco,,ChIJqXVPrFnHwoARHRmEYTHmXzw,seco.silverlake,Silver Lake
003245fc-ad9b-4225-9440-faaf83dc1f68,hayato-restaurant-2-michelin-2-michelin-stars-japanese,Hayato,https://hayatorestaurant.com/,ChIJt1RlQi_GwoARja7mYeFk2YI,,
8200ca60-de56-4183-bee7-5f2ce8224221,le-o2-verdun,Le O2 Verdun,null,ChIJocRat9BqUQ0RGwNhGV-Ngz4,null,null
487d732b-ee68-4625-bfac-b44614d7d8ab,palihouse-west-hollywood-hotel-hotel-boutique-design-forward-west-hollywood-clas,"Palihouse West Hollywood,hotel,hotel-boutique,Design-forward West Hollywood classic - 18.8 rating",,ChIJ6VTz-ea5woARHVKKCrJaIVc,,
0cec59a6-d037-4891-b082-eadb7e449c08,1001-cheeses-biarritz-halles,1001 Cheeses Biarritz Halles,null,ChIJY0XlweZrUQ0R6i9uoS1ltug,null,null
a40876c5-0757-4c6d-9785-5d947686e4ca,porto-s-bakery-and-cafe-restaurant-4-iconic-beloved-cuban-bakery-institution,"Porto's Bakery & Cafe,restaurant,4-iconic,Beloved Cuban bakery institution",,,,
7361e789-65be-4681-aa97-645658495267,aiete,Aiete,null,ChIJsWBgs-CvUQ0R91FzKmPNIC4,null,null
e79652a9-05b2-4e75-9d12-d0367fa59e3b,ye-z-slice-coffee,Yeüz slice & coffee,https://yeuz-slicecoffee.com/,ChIJ445HOfdrUQ0RDlcEvzdPbSk,null,null
3f19fcd7-ea6e-4256-a106-09bde5d225e1,v-rtshus-sankt-peder,Værtshus Sankt Peder,http://www.sankt-peder.dk/,ChIJ--DduH1SUkYRZl_VtvV29iA,null,null
d97737ca-744d-47b8-b1e4-6c1861128c4a,laverie-speed-queen-biarritz,Laverie Speed Queen Biarritz,http://www.laverie-biarritz.com/,ChIJGQn2MFdrUQ0R48OXP_grpbE,null,null
6b36b677-bf58-48a6-bd9a-4b7bac81c0b3,wineman-factory,WINEMAN FACTORY(ワインマンファクトリー),https://www.instagram.com/wineman_factory/?hl=ja,ChIJKXj7dbmLGGARWi_eMDztgsE,null,null
cc164834-583f-4ae0-95bf-fbb5523d8207,vin-nature-a,Vin Nature a,http://vinnaturea.com/,ChIJHSZN0XGJGGARZEkMX_1VOOE,null,null
96318a1a-e9a6-4b9f-89ad-d230f3c47ea3,woot-woot-store,Woot Woot Store,null,ChIJG5Ly-DmZ4jAR4GU7Nvyhldg,null,null
88ce7416-be10-4875-b119-2977b5776458,the-bookstore-by-books-beyond-borders,The Bookstore by Books Beyond Borders,https://booksbeyondborders.org/,ChIJ915J7q8Z2jERfZsIFbjHJJw,null,null
425b4519-2bfe-4c7d-a3e9-fd399ef84ae2,magokoro,Magokoro,null,ChIJHcInFCC9YoYR0fsPvogdoCA,null,null
89bbcb7a-e53f-4bed-913a-a56b296aa43a,q-sushi-restaurant-2-michelin-1-michelin-star-edomae-sushi,"Q Sushi,restaurant,2-michelin,1 Michelin star - Edomae sushi",,,,
5dffb7d3-30fc-4f7d-8f4c-a81fe1481b2f,citrin-restaurant-2-michelin-1-michelin-star-santa-monica,"Citrin,restaurant,2-michelin,1 Michelin star - Santa Monica",,,,
5c5e31f1-d750-45ec-a26c-999f365a6cb5,anajak-thai-restaurant-4-iconic-sherman-oaks-massively-acclaimed,Anajak Thai,http://www.anajakthai.com/,ChIJn-ihusWXwoARE6yGp6tPoIM,,
637d96c7-4f77-4fb4-8a26-365b1c7e14ab,ramona-room,Ramona Room,https://www.theramonaroom.com,ChIJEy4mphDHwoARejZ9zUN_d4U,,Echo Park
da4e71d4-35f1-489f-a1d0-b6ec9683acba,bookstore-bommoi,bookstore bommoi,https://www.instagram.com/letsbommoi/,ChIJceCk_YwZ2jERNN-SUn5SBzE,null,null
3f4461a3-6074-4fa9-b170-364b8e7d282e,augustine-wine-bar-wine-bar-5-wine-bar-sherman-oaks,"Augustine Wine Bar,wine bar,5-wine-bar,Sherman Oaks",http://www.augustinewinebar.com/,ChIJ0V8uySeWwoARiOu1BAeRCdU,,Sherman Oaks
0b9d4be0-34b2-445c-b4bf-77c5538f0b89,alba-los-angeles-restaurant-3-hot2025-italian-open-air-west-hollywood,Alba Los Angeles,https://www.cucinaalba.com/,ChIJK1i52rK_woARSal9_H7GrGc,,West Hollywood
2fbcfd11-ca07-4efb-a424-d29d2b454695,stereoscope-coffee,Stereoscope Coffee,http://stereoscopecoffee.com/,ChIJgcifKa7HwoARcP9SQ3hQcfI,,
639c93a2-47d5-46f0-9c08-1a373e2ab7dd,lasa-restaurant-4-iconic-filipino-chinatown,Lasa,http://www.lasita-la.com/,ChIJk3enX1rGwoARARB8Q8dTh1I,,Chinatown
66524a78-592a-4ca2-b76f-22406849db2d,ye-z-slice-coffee-hvql,Yeüz slice & coffee,https://yeuz-slicecoffee.com/,ChIJze5uuZRv5kcRbiw8AfZj8Dg,null,null
81b45078-f818-4db6-8807-ebf55912fcd3,north-italia,North Italia,https://www.northitalia.com/locations/cerritos-ca/,ChIJi-RYaz4t3YARTigqsk-7bNQ,,
cf833284-6680-4a9f-a3eb-4a8c2a64d3d8,pizzeria-sei-restaurant-3-hot2025-tokyo-neapolitan-pizza-pico-robertson-resy-pic,"Pizzeria Sei,restaurant,3-hot2025,Tokyo-Neapolitan pizza - Pico-Robertson - Resy pick",,ChIJZzA8EM25woAR4SmcyXbfxBE,,
adb801af-5997-470c-b62b-e8dc5540a127,hotel-san-jose,Hotel San José,https://www.hyatt.com/en-US/hotel/texas/hotel-san-jose/auske?src=corp_lclb_google_seo_auske&utm_source=google&utm_medium=organic&utm_campaign=lmr,ChIJ42oNp_20RIYRfFmBk743Hl8,null,null
002a8037-5201-405f-a2db-8e1d7e49793a,mori-nozomi-restaurant-2-michelin-1-michelin-star-new-2025,Mori Nozomi,https://www.morinozomi.com/,ChIJh_EchAm7woAR_M_f_w6W50c,,
71f28aa9-f196-4863-9191-92940f28218b,mitch-s-fish-market-sushi-bar,Mitch's Fish Market & Sushi Bar,http://mitchssushi.com/,ChIJO-YwWqpvAHwRKubvaF9GWFg,null,null
4b9afb9b-5b68-41a8-96bc-9332774fa028,santa-canela-restaurant-3-hot2025-highland-park-bakery-eater-award-winner,Santa Canela,http://www.santacanela.com/,ChIJowrYmMLFwoARfBaOlCGmRNk,,
3ae2a198-db33-4137-90be-f5b179d997de,stories,Stories,http://www.storiesla.com/,ChIJnQlpgxvHwoAR5W9jeEAKcWo,,
f929b8bc-af5f-47fb-98bd-f5f841e12d18,sapp-coffee-shop-restaurant-4-iconic-thai-town-essential,"Sapp Coffee Shop,restaurant,4-iconic,Thai Town essential",,,,
da53e22f-2441-4b47-ba46-be0d0e8e5f01,belza-surf-shop-biarritz,Belza Surf Shop Biarritz,null,ChIJB2uYQ8NrUQ0R2j3_8liPYZE,null,null
84cdfb99-80ae-4f9d-8b19-983281497827,chi-spacca-restaurant-1-nancy-silverton-meat-focused,Chi Spacca,http://www.chispacca.com/,ChIJwbQBbdO4woARHT4khoXPnok,,
8289d918-83ad-4fcf-a391-8f5ab0a49753,lumphini-park,Lumphini Park,null,ChIJG7BL7Saf4jARNmn5AQiyAaw,null,null
75b3332b-ae1c-49b5-9d50-138fcebfb75c,quintas-papagayo,Quintas Papagayo,https://www.quintaspapagayo.com/,ChIJtQcvKczY2IAR01DDSpSAc5o,null,null
dcc9711e-91b1-4286-944b-3ca87b42d0f3,b-st,Bæst,http://baest.dk/,ChIJfXsI359TUkYRXn0Fbeq4Uy0,null,null
fc288c11-8d7a-4018-b56c-45dfe671023c,mariscos-jalisco-restaurant-4-iconic-iconic-seafood-truck,"Mariscos Jalisco,restaurant,4-iconic,Iconic seafood truck",,,,
70c9d6c1-11bd-4a4c-80d5-8f702dcbb839,verve-coffee-roasters-coffee-6-coffee-dtla-weho,"Verve Coffee Roasters,coffee,6-coffee,DTLA/WeHo",,,,
089e4cc0-1874-4ace-bd9d-99c292c160ce,dive-to-wine,Dive to Wine,http://www.divetowine.com/,ChIJ5zmV25iMGGARiFwJw0UF1yk,null,null
6965d6da-cda7-44e8-ac98-e4a865d2e56e,arnold-s-beach-bar-waikiki,Arnold's Beach Bar,https://m.facebook.com/Arnoldswaikiki/,ChIJR8FQkYptAHwRgJaOmLChBR0,null,Waikiki
2ac50414-2d06-4885-b65b-14a3f66f8726,side-street-inn-on-da-strip-diamond-head-kapahulu-st-louis-heights,Side Street Inn On Da Strip,https://sidestreetinn.com/,ChIJ_cwZoYBtAHwRI6Ykbv5JdqY,null,Diamond Head / Kapahulu / St. Louis Heights
baf367c3-150a-4522-a916-a868cc971f9a,the-artnoa-house-wines-in-biarritz,The Artnoa House wines in Biarritz,http://www.lartnoa.com/,ChIJ1QNfLilrUQ0RJ14YWTlJTTs,null,null
d99ab81d-ac9c-4c7f-babc-921dc8da4411,arenales-donostia,ARENALES DONOSTIA,https://uqr.to/pcvp,ChIJNb01AU6lUQ0R7RsNg4n96FU,null,null
8235c558-c1b9-4473-9bbc-8ba837ff0698,la-b-te-noire,La Bête Noire,https://www.labetenoirerestaurant.fr/,ChIJ18aVNMFx5kcRbY23i47sh0Y,null,null
4f61c9fa-47a0-48a6-8071-efdda467d3dd,muelle-3,Muelle 3,null,ChIJSUObvmST2IARaT7SLK97Qj0,null,null
089181ec-e0f4-415c-976f-8d802ba9784c,olamaie,Olamaie,http://olamaieaustin.com/,ChIJbw26uXW1RIYRJe7jQ8iC5Es,null,null
9fc5efed-ffc5-4542-8040-ead0e6f2a56f,tacos-mi-ranchito-el-fenix,Tacos Mi Ranchito El Fenix,null,ChIJRx8xRHqS2IARlx1nmlcdEUY,null,null
62653c27-d8c2-4acd-8af4-2f0f46398ce4,la-tutors-123,LA Tutors 123,http://www.latutors123.com/,ChIJde_lukXGwoARjOiamTABw2U,null,null
a5710fa8-e243-4c7e-9dfa-04905809a02c,n-30-cantine-urbaine,N.30 Cantine Urbaine,https://www.instagram.com/n30biarritz/,ChIJi-RAhVdrUQ0RI_n1LIQ76G8,null,null
41955b89-0044-4cab-81e6-4b5f6f1825b1,ocean-shape-bt6d,Ocean Shape,http://oceanshape.fr/,ChIJS-lMCCNrUQ0REm8rvnOFqfs,null,null
ed6eaf54-00f5-45f6-80bf-b35197b6960f,intelligentsia-coffee-coffee-6-coffee-silverlake-pasadena,"Intelligentsia Coffee,coffee,6-coffee,Silverlake/Pasadena",,,,
77437345-e9d7-4ec6-9af7-e7d4a6f7143b,hotel-sanders,Hotel Sanders,https://hotelsanders.com/,ChIJ9di4Yz1TUkYRSqrY2LJndpw,null,null
b0935e9a-a5fe-4ceb-9961-6c2cd972b298,midnight-cowboy,Midnight Cowboy,https://www.instagram.com/thebordersaloon/,ChIJm5ADqq5J2YAR50GXR6V2NPU,null,null
93455e34-846a-4498-bd66-8f4992a480f4,tacos-fenix-fish-shrimp,Tacos Fenix (Fish & Shrimp),https://www.instagram.com/tacosfenixmx,ChIJYblmQ3qS2IARnjZgt4i08d0,null,null
5b3f9a0d-8c64-4cd0-968b-afe94c85ce5f,l-angolo-divino-enoteca-wine-bar,L’Angolo Divino Enoteca Wine - bar,http://www.angolodivino.it,ChIJc3z__kVgLxMRdvQSySCW5wg,null,null
0eb09039-790f-4f66-8e41-c3ab47bc2c31,laut,Laut,http://www.lautnyc.com/,ChIJv_vCZ6JZwokR_2lI72wJsl0,null,null
66b8aa9c-36fd-46cf-81dc-8da21e944ee6,la-mariana-sailing-club,La Mariana Sailing Club,https://la-mariana-sailing.club/,ChIJ06Xa8E9uAHwR287O0INHQ48,null,null
0af84986-fa38-4cec-b8cf-47e3640eac00,peppina-sukhumvit-flagship-branch,Peppina (Sukhumvit Flagship Branch),http://www.peppina.asia/,ChIJQ0cFbPye4jARKjjpGD8_chs,null,null
99e620b0-6ac0-4cad-87e4-571ebe353274,lowboy,Lowboy,http://www.lowboybar.com/,ChIJGbrA4GHHwoARpSjh59biZrQ,,Echo Park
b894859b-057a-4541-bb77-8f92c554d15d,tabula-rasa-wine-bar-5-wine-bar-east-hollywood,"Tabula Rasa,wine bar,5-wine-bar,East Hollywood",,,,
5cf8f4f7-ae9c-477d-afb9-a488b60b9886,ocean-eyebrow-threading,Ocean Eyebrow Threading,http://www.oceaneyebrowthreading.com/,ChIJB1IfJDS0woARM8yRx7oPbp0,,
9ef3e0b2-0cd9-4a35-a75e-606cd856a037,hotel-covell-hotel-hotel-boutique-intimate-los-feliz-gem-bespoke-design,"Hotel Covell,hotel,hotel-boutique,Intimate Los Feliz gem - bespoke design",,ChIJOwhhqK3AwoAR5kk9OjQ0mhA,,
c439c0a2-90bf-45a8-949c-f86c7ac47e07,mercado-la-paloma-restaurant-4-iconic-food-hall-la-times-#1-2025,"Mercado La Paloma,restaurant,4-iconic,Food hall - LA Times #1 2025",,ChIJGyYzkgrIwoARoBczR2iUHPY,,
4af76227-25f6-4b54-9d1d-761b20cfd0c1,vin-folk-wine-bar-3-hot2025-new-michelin-bib-gourmand-natural-wine,"Vin Folk,wine bar,3-hot2025,New Michelin Bib Gourmand - natural wine",https://www.vin-folk.com/,ChIJaQ7b8R-zwoARYMTDhwUoHWc,,Hermosa Beach
03424627-0f5b-45bf-bd91-5e9dc8fd148f,clark-street-bakery-westlake,Clark Street Bakery,https://clarkstreetbakery.com/,ChIJw39VcmTHwoAR41_JNE9f480,,Echo Park
place_budonoki_1771305000799,budonoki,Budonoki,https://www.budonoki.la/,ChIJD5LuBp3HwoARqHfw3wOS7VA,,Culver City
e0e938e8-6946-47fa-9092-c5c1688be83c,hms-bounty-bar-4-iconic-koreatown-dive-new-eater-38-addition,"HMS Bounty,bar,4-iconic,Koreatown dive - new Eater 38 addition",,ChIJq0s4r33HwoARAxVYxf8ypbk,,
bf8030c3-62bd-425d-bc3a-41fcb51eb901,angel-s-tijuana-tacos-restaurant-3-hot2025-al-pastor-specialist-resy-pick,"Angel's Tijuana Tacos,restaurant,3-hot2025,Al pastor specialist - Resy pick",,ChIJufsBaGXBwoAR5ZyunDVI1tc,,
32bb14a1-a90d-4f89-bc97-f6c3a461a98c,restaurant-ki-restaurant-2-michelin-1-michelin-star-first-korean-starred-in-la-2,Restaurant Ki,https://restaurantki.com/,ChIJ6fB8aADHwoARxXCY99wLo0U,,
610f7169-e4f0-4740-8c9f-70893715a773,esters-wine-shop-and-bar-wine-bar-5-wine-bar-santa-monica,"Esters Wine Shop & Bar,wine bar,5-wine-bar,Santa Monica",http://www.esterswineshop.com/,ChIJ5Zhalc6kwoARm4tOh2YqVZ8,,Santa Monica
